,names,scores,logfoldchanges,pvals,pvals_adj
0,NAALADL2,43.235683,2.3625276,0.0,0.0
1,B2M,43.210342,1.5848016,0.0,0.0
2,CADPS2,41.82359,1.8006094,0.0,0.0
3,MACC1,40.864746,2.668621,0.0,0.0
5,ARHGEF38,37.732,2.9526446,0.0,0.0
6,EPCAM,37.29346,1.8066268,2.094817098549716e-304,2.89100873577542e-301
7,GRHL2,37.244537,3.3791237,1.298806148523085e-303,1.6644200793323334e-300
8,AGR2,36.606655,1.5832562,2.2414717134036883e-293,2.680949600678371e-290
11,TENM3,35.54492,2.2155886,9.95330678983883e-277,9.39854090086834e-274
14,CDH1,34.731155,2.4972205,2.668905733067674e-264,2.0818625111724847e-261
15,MYO5B,34.709896,2.501393,5.586452247840267e-264,4.17610582410426e-261
18,TRIM2,33.860283,1.8562703,2.561594100499501e-251,1.5847434398986738e-248
19,UBE2R2,33.606865,1.6243861,1.331587997550443e-247,7.706458149694353e-245
21,MELK,32.848755,1.668232,1.1866431708859782e-236,6.261636802607451e-234
29,TACC1,29.926098,1.5174248,9.006387099561061e-197,3.847228356029167e-194
32,ENSG00000260658,29.50199,1.5588801,2.714704024753027e-191,1.0587935849585666e-188
33,RAB11FIP1,29.465366,1.6373053,8.001827071991377e-191,3.054484670182921e-188
34,UBAP1,29.026121,1.5999557,3.0808081572697604e-185,1.1054555829915354e-182
37,INPP4B,28.758522,2.7775893,7.087150323735877e-182,2.3990672444933088e-179
40,PIK3C2G,28.420393,3.13775,1.1320595487217126e-177,3.626835779217187e-175
47,ENSG00000271893,27.791454,3.2918143,5.502397808420859e-170,1.5669606203314067e-167
49,NEGR1,27.669348,1.5368961,1.6330526415937213e-168,4.507476529666609e-166
51,RNF38,27.338806,1.5173069,1.4671964213272276e-164,3.871025146328205e-162
53,ENSG00000285751,27.168526,1.8476787,1.5298434348871942e-162,3.920988723615879e-160
55,ENSG00000228033,26.938358,2.85086,7.809336509957339e-160,1.8933419773668188e-157
56,CLDN7,26.32507,2.0892198,9.9061031377002e-153,2.3696719519130575e-150
62,SVIL,25.407299,1.5098087,2.094452618115995e-142,4.270065275183985e-140
64,ST14,25.063793,3.1730664,1.2350184049331501e-138,2.4619405781006277e-136
65,KIF24,24.9669,1.7514375,1.3996082031709097e-137,2.7593814036361854e-135
66,ENSG00000259692,24.795021,2.0914,1.0144926172010735e-135,1.9783708744787457e-133
72,TSPAN8,24.1342,1.8612081,1.094173054415151e-128,1.9436196801249726e-126
73,LINC01208,24.120783,2.3896773,1.5131890858894477e-128,2.661580920582606e-126
74,RPSA2,24.047066,2.9586039,8.959341767340013e-128,1.5605781616295842e-125
76,FMN1,23.909271,2.3254642,2.4530188006202838e-126,4.191391457326525e-124
81,SEPTIN9,23.506702,1.5504488,3.483270013285417e-122,5.5797631525315774e-120
83,MYO1E,23.473312,1.8701519,7.642595832514582e-122,1.2027702792205623e-119
89,MSRA,23.05982,1.583059,1.1723808984041372e-117,1.738321132088316e-115
95,TMEM62,22.68175,1.8993589,6.783825327637203e-114,9.434775984739462e-112
96,GPR160,22.656588,1.6557745,1.2013364156124108e-113,1.6579366640386357e-111
98,SHB,22.501902,2.3718977,3.976352660083022e-112,5.404525990496175e-110
99,VCP,22.456085,1.749278,1.1159743563960647e-111,1.4961521220315906e-109
114,VAV2,21.79022,1.9404535,2.872674859562971e-105,3.458970446672434e-103
116,LNX1,21.726404,1.5077773,1.15499345099484e-104,1.3632722042301594e-102
117,SLC25A25,21.60238,1.9627148,1.7059371956025368e-103,1.9874168328769554e-101
119,CFAP418-AS1,21.507515,1.603638,1.3240827964995314e-102,1.522780093076801e-100
121,SLC2A12,21.316334,1.6756063,8.009141040644418e-101,9.03723266730827e-99
129,AGR3,20.859838,3.0335517,1.2409018867314244e-96,1.333115014960987e-94
138,DCDC2,20.49708,2.4493985,2.2860560787148984e-93,2.3171826049844063e-91
139,SDC4,20.495234,1.915103,2.374465615457381e-93,2.3932745846584758e-91
145,SAT1,20.335896,2.1810772,6.189820385092859e-92,6.0354112787473365e-90
147,CDH7,20.274178,1.7280722,2.1739795814171174e-91,2.0969552510862636e-89
158,TRIM38,19.729673,2.9857855,1.1994194399821459e-86,1.049696788913155e-84
165,SPINT1,19.48746,2.5261388,1.4027538463632933e-84,1.1760190073646657e-82
173,GRTP1,19.10654,1.673118,2.2275690727154063e-81,1.7762140770483156e-79
176,ENSG00000283294,19.013996,3.5093527,1.3061148764756035e-80,1.0277634648617896e-78
177,PRAG1,18.934963,2.5316124,5.875680716671204e-80,4.603300774576335e-78
185,B4GALT1,18.661482,2.29816,1.018674037588509e-77,7.646874857060854e-76
196,JAK2,18.115437,1.7347223,2.4075838884959797e-73,1.707291009624758e-71
197,C3orf52,18.108654,1.9041122,2.7232935214507685e-73,1.9235672861554424e-71
199,PLPP2,18.0598,2.090457,6.606261923783303e-73,4.629802545882665e-71
200,RIGI,18.043346,2.208197,8.89875397032016e-73,6.212161283327393e-71
201,STK17A,18.033741,1.7901444,1.0588035637771904e-72,7.362788658033555e-71
209,CYP39A1,17.846458,1.6202178,3.0795497711907763e-71,2.069295971720364e-69
222,HMGA2,17.394855,3.0796237,9.025502251223676e-68,5.661766989133006e-66
225,ALOX12P2,17.359503,2.4750524,1.6716559706884936e-67,1.0377570854713587e-65
229,FAM219A,17.27644,1.5730715,7.078580538335557e-67,4.319619504703341e-65
235,PYDC2-AS1,17.145956,1.952723,6.738080627443127e-66,4.0162094530550546e-64
250,ANXA2,16.631577,1.9237384,4.116135147898207e-62,2.3077368965138044e-60
252,CBR3-AS1,16.609545,1.7517767,5.94423907485595e-62,3.311974945403435e-60
264,FXYD3,16.21775,1.7020793,3.7778155853171435e-59,2.0171961135766333e-57
275,SEMA3C,15.898629,1.7226326,6.476601705733594e-57,3.31044761260873e-55
289,ATP2A3,15.4254675,1.8807547,1.1035257061818225e-53,5.336483745177379e-52
292,NDNF,15.354387,2.5076165,3.310217123388256e-53,1.5836961442855653e-51
294,RASEF,15.27198,1.693312,1.1754850408205477e-52,5.564479450491147e-51
310,SOX9,15.025926,1.559849,4.966282156792312e-51,2.2500017215911835e-49
316,PTPRD,14.863912,1.7218864,5.652635956560506e-50,2.5164749800658076e-48
322,CYBA,14.706741,2.8337302,5.8350055577163655e-49,2.553313041731447e-47
329,MUSK,14.541251,4.0667553,6.636843468141136e-48,2.8350383014742887e-46
347,AADACL2-AS1,14.235989,1.8793901,5.478284433220775e-46,2.218643363801669e-44
354,ERBB3,14.173596,1.8753892,1.3348478217938654e-45,5.321889949067497e-44
363,C15orf48,14.065135,2.2037897,6.220397868792875e-45,2.4260903948698475e-43
369,ALDH1A1,13.985725,2.385346,1.9052342556421983e-44,7.335151884222462e-43
372,H2AC6,13.879668,1.9533423,8.413204001646771e-44,3.197908749863235e-42
382,TMEM45B,13.6743765,1.7447437,1.4444011362272305e-42,5.376348710591855e-41
387,MDK,13.637846,1.6092234,2.3850311411464973e-42,8.768410594940431e-41
392,LINC02384,13.521933,3.1789188,1.160850402323334e-41,4.207437791531906e-40
398,KLF5,13.47349,2.1234388,2.2402152656709625e-41,8.022295824631285e-40
403,DOCK3,13.385685,1.6629786,7.331875173315246e-41,2.594500443480253e-39
405,ENSG00000290461,13.383659,2.5133655,7.5344310319607e-41,2.655701908534517e-39
412,TMEM30B,13.310934,2.468776,1.999662855255676e-40,6.952703737624435e-39
424,DEPTOR,13.097147,1.7275347,3.418692999474488e-39,1.1485912191680109e-37
436,RUSC2,12.982436,1.5465025,1.5390547208848068e-38,5.038719114488014e-37
442,CASC15,12.902533,1.5761307,4.355429617935587e-38,1.4104830825881293e-36
449,LINC02343,12.767534,2.8952293,2.4891590822431498e-37,7.946263895822837e-36
452,KRT18,12.710849,1.5845436,5.147237185452336e-37,1.6315650590848123e-35
504,AADACP1,12.051557,2.4102175,1.903214903163955e-33,5.445865801860369e-32
520,LYN,11.917503,1.8672165,9.594092054092765e-33,2.672788905939104e-31
540,DPF3,11.703313,2.0338259,1.22573409504168e-31,3.27733165411964e-30
552,CSGALNACT1,11.612477,2.2510574,3.561439937228852e-31,9.327853126105522e-30
556,LGR5,11.589278,1.6400782,4.670500889664597e-31,1.2161604711389337e-29
561,LINC00871,11.479401,2.063194,1.6743646218575264e-30,4.297535862767651e-29
575,REG4,11.363445,3.3765907,6.358675078567989e-30,1.5933099103992775e-28
578,CHMP5,11.3406725,1.529715,8.25075893374786e-30,2.0587881228146083e-28
588,BMP7,11.248185,2.3855915,2.3640705606596755e-29,5.802160044978829e-28
592,PARVA,11.190136,1.6117967,4.5573606598231297e-29,1.107907962030986e-27
594,MET,11.1855,1.8800997,4.801882432689817e-29,1.1641969287147029e-27
602,DUSP6,11.104071,1.6267691,1.1985823419045907e-28,2.870996768506043e-27
618,ENSG00000285744,10.941392,1.6638063,7.306963374990505e-28,1.704736409762089e-26
624,LINC02694,10.912426,1.6465707,1.0053663650692885e-27,2.3243914891376422e-26
634,GLDC,10.852123,2.510367,1.948466905777872e-27,4.436223953878274e-26
658,CDH19,10.620424,2.8613925,2.3947055115572706e-26,5.258679508304651e-25
664,ENSG00000236924,10.566757,1.9445851,4.249361959566562e-26,9.2634025415047e-25
691,ENSG00000243004,10.419411,1.8456054,2.0220117789012414e-25,4.247882122396624e-24
694,HMGA1P4,10.40233,1.7328229,2.4194314307503078e-25,5.0649964176302534e-24
698,CDCP1,10.35755,1.803339,3.867434602218474e-25,8.049378677308775e-24
709,ENSG00000279240,10.2899885,3.2457156,7.818546624199358e-25,1.6067874568701107e-23
713,ENSG00000251095,10.28427,1.5158145,8.296831062889876e-25,1.69730269212437e-23
716,GALNT3,10.25899,1.9728531,1.0782781849387516e-24,2.19833964954388e-23
739,TMEM51,10.072353,1.6256342,7.320495560724538e-24,1.449635881401313e-22
744,SULF1,10.05055,1.6043792,9.135562037326967e-24,1.7971613871895076e-22
757,TESC,9.981697,2.3813486,1.833051818128336e-23,3.543834339336258e-22
762,EPAS1,9.915322,2.0515478,3.5710148424895596e-23,6.852147303647613e-22
763,CAPN8,9.907409,1.8488871,3.8654103250303295e-23,7.40911609416337e-22
775,RGL3,9.845966,1.5810059,7.135024628705843e-23,1.3488880596797844e-21
789,ENSG00000284977,9.743999,3.2256758,1.956989470520084e-22,3.6383780404767696e-21
805,EFNB2,9.649145,2.0371983,4.956704131211161e-22,9.05582778187978e-21
814,GSN,9.57294,1.6115476,1.039084910234285e-21,1.8773637839389028e-20
831,ARL4C,9.466345,2.5677378,2.898082957367062e-21,5.137797068984433e-20
865,ZNF726,9.216525,3.421941,3.068851323563981e-20,5.238654766513928e-19
875,GP2,9.158231,1.5727936,5.2755307250044244e-20,8.903884923546978e-19
928,EEIG1,8.880758,1.5911889,6.640609439623834e-19,1.0561983506763406e-17
933,MARVELD3,8.848159,2.2240415,8.897521534636994e-19,1.4089182158245572e-17
973,HGD,8.681232,1.834496,3.915034369348604e-18,5.947470924681058e-17
998,MIR34AHG,8.572869,1.9603382,1.0093781776633984e-17,1.4991104209817079e-16
1052,SHC4,8.381502,2.164672,5.2256321376271406e-17,7.376323066968413e-16
1066,MEIS2,8.351517,3.68166,6.739186489126132e-17,9.40916301956513e-16
1087,RAB17,8.254053,2.3399954,1.531106995720678e-16,2.1017284323048727e-15
1117,STOML3,8.155625,2.564097,3.473777975283028e-16,4.650973929444239e-15
1143,SYK,8.056315,2.7588801,7.862873897650214e-16,1.0289410692760212e-14
1148,RGP1,8.044471,1.5322107,8.661918783397115e-16,1.1285656128752915e-14
1190,LYPD6B,7.8908205,2.2956264,3.0020579586180207e-15,3.792952241941261e-14
1203,TLN1,7.867483,1.6433678,3.618470939571032e-15,4.52712602000306e-14
1215,TRIM56,7.819732,1.6430064,5.293579132272056e-15,6.56791861771044e-14
1239,DNAI1,7.7285414,1.8570392,1.0878577043093983e-14,1.322307254269303e-13
1254,B3GNT3,7.676231,1.9813346,1.6383797147267166e-14,1.9714400041523827e-13
1265,SCNN1A,7.639443,3.395721,2.181639639223118e-14,2.602446593570609e-13
1270,AQP3,7.609979,2.197055,2.7414025797007085e-14,3.2485801639636996e-13
1271,ENSG00000285080,7.6022673,1.7070541,2.9098725564474e-14,3.445942147539459e-13
1308,TMPRSS4,7.479275,5.026258,7.473353224475514e-14,8.594241397555815e-13
1348,SCIN,7.366823,1.9669724,1.747418969479475e-13,1.9496544609099044e-12
1377,ERRFI1,7.2889366,2.0095508,3.124112128772305e-13,3.4155817003232128e-12
1378,ENSG00000259616,7.2825418,3.040277,3.275890512893874e-13,3.5793393234975027e-12
1384,MIR3142HG,7.2658997,2.3527956,3.7056393715080855e-13,4.03415509491666e-12
1401,ENSG00000235056,7.1770062,2.8763423,7.125432963463875e-13,7.650352650957832e-12
1409,PHLDA1,7.144648,2.9201224,9.022686965197658e-13,9.629745796705007e-12
1430,SMIM24,7.1046486,1.8136375,1.2062909078647517e-12,1.2685852976554227e-11
1462,PRRG4,7.03023,2.4020135,2.061930303962776e-12,2.1260397461721932e-11
1472,ENSG00000255367,7.0046897,2.0172553,2.475336047760758e-12,2.534817581785146e-11
1571,ZNF214,6.74454,4.757824,1.5351257863361957e-11,1.4791456354810788e-10
1578,SLC30A4-AS1,6.7171407,2.484757,1.853248314510144e-11,1.778979561831273e-10
1585,EHD4,6.702152,1.6234019,2.05372282293109e-11,1.9630176433780867e-10
1604,HNMT,6.646175,2.5937738,3.0080744369119284e-11,2.8389196987184064e-10
1611,OAS3,6.627425,3.897762,3.4159275989283556e-11,3.212010327692538e-10
1629,RNF207,6.5836096,1.5832236,4.5916244970502835e-11,4.277172123654161e-10
1640,ENSG00000226197,6.557179,1.7733014,5.483512055129158e-11,5.076351381892272e-10
1644,LAMC2,6.5465484,2.686129,5.888202079926504e-11,5.439764856640649e-10
1690,TFPI2,6.40489,2.1737876,1.5047794941605042e-10,1.3518902806576669e-09
1692,DOCK5,6.4021134,2.270501,1.5324059861016252e-10,1.375332456060493e-09
1701,RAD51,6.377985,1.5353675,1.7943301398381879e-10,1.6023930830680403e-09
1723,FA2H,6.3411813,1.5847656,2.2801008879267337e-10,2.010186242274866e-09
1732,CCND1,6.312564,2.1713674,2.744499264636387e-10,2.40660123689352e-09
1748,HOXD10,6.2682695,1.5065258,3.6508205303016863e-10,3.1703471023302305e-09
1750,FHAD1,6.2600555,2.0502295,3.848405144980422e-10,3.3386961656718446e-09
1780,ADAM2,6.2046757,2.382863,5.480978340267258e-10,4.684813358872552e-09
1790,SH3GLB2,6.18413,1.7786446,6.244575654076783e-10,5.312182636784806e-09
1798,ACSS1,6.1677494,3.154424,6.926882061965496e-10,5.867572760799007e-09
1800,ENSG00000251574,6.1640515,2.1266162,7.090682587291123e-10,6.0006573725750016e-09
1807,PKHD1,6.1453414,2.0099406,7.979180238335147e-10,6.727183865412165e-09
1811,EVC2,6.1389623,4.102895,8.3062410665828e-10,6.986510594259822e-09
1812,LAMB3,6.138808,2.183062,8.314308648166296e-10,6.990019281009912e-09
1840,ZFYVE19,6.081534,1.9907151,1.1903832927059642e-09,9.859956904172532e-09
1879,CCDC107,5.97397,1.572732,2.315486904992902e-09,1.880586263579794e-08
1895,B3GNT5,5.949371,1.6776885,2.6917546617110306e-09,2.1694865402406828e-08
1900,ARMC3,5.938135,1.600718,2.882827431061927e-09,2.317240454331632e-08
1905,PPFIBP2,5.9342275,1.6114086,2.952321517563577e-09,2.367796171059818e-08
1909,NIBAN2,5.9294066,1.8990504,3.040314179140065e-09,2.4329293794804594e-08
1991,F2RL1,5.8014436,1.5049788,6.574642414425255e-09,5.051634242278523e-08
1994,KRT19,5.798604,2.7216349,6.686923300523768e-09,5.129118894172592e-08
2001,LIPH,5.7871747,1.892313,7.1580217830673455e-09,5.471754103536908e-08
2015,H2BC11,5.7623262,1.747254,8.296246673310832e-09,6.298898077269133e-08
2028,ARPC5L,5.740412,1.5263381,9.444628082067674e-09,7.122575553609758e-08
2088,PHLDA2,5.643732,1.8781825,1.664028460391169e-08,1.2215357859197203e-07
2149,CBR3,5.548108,1.7821059,2.887775523663596e-08,2.0575687319320324e-07
2176,ACP3,5.498712,1.6565267,3.825755509080697e-08,2.6927375279881044e-07
2199,CDKN1A,5.4658313,1.7308853,4.607422956325762e-08,3.2114131802424435e-07
2233,MICB,5.4045115,1.5179334,6.498527827560639e-08,4.45851196001015e-07
2237,GATA4,5.4017706,2.1981552,6.598625655252683e-08,4.5185474382018466e-07
2274,ATP2C2,5.3446035,2.7244148,9.06152284989465e-08,6.107166846354617e-07
2280,USP43,5.3352027,1.8242486,9.543785671153394e-08,6.415326291725854e-07
2357,AP1M2,5.2066226,2.560622,1.9230847252719373e-07,1.2524768878197917e-06
2372,GCHFR,5.178017,1.6958629,2.2425635642553116e-07,1.4516215510445678e-06
2428,ENSG00000257989,5.0941906,3.9236147,3.502345786707103e-07,2.2172048609496167e-06
2465,COL8A1,5.041433,2.2408326,4.6205914638801946e-07,2.882407213264067e-06
2577,SHISA2,4.859862,1.6576911,1.1746770926333442e-06,7.0086071562802885e-06
2581,ENSG00000259639,4.8567495,3.0690377,1.1932848115811386e-06,7.110170310387648e-06
2601,ZDHHC12,4.8292317,1.5733703,1.37060963084554e-06,8.112869477730069e-06
2674,IL20RA,4.7433443,1.7761047,2.1021870094971276e-06,1.2133625268876283e-05
2746,SMIM31,4.659066,1.5070995,3.17646806910724e-06,1.7870496590734713e-05
2782,ENSG00000224326,4.620135,2.5245085,3.834907224163669e-06,2.1320753179027077e-05
2783,PLAG1,4.618581,1.5535308,3.863739185477689e-06,2.147439427715465e-05
2800,CXCL8,4.600958,2.5020237,4.2055264606569686e-06,2.3222945592689035e-05
2976,MICA,4.376204,2.0441535,1.2076407387996797e-05,6.276443364659633e-05
2992,ENSG00000233358,4.359004,1.5233397,1.3065558575018714e-05,6.75725530107843e-05
3061,LNX1-AS1,4.2767196,1.6028516,1.8966737262573292e-05,9.598934646765232e-05
