,1,2,3,4,5,6,7,8,9,10,11,12,13,14
0,CDKAL1,RRM2,TOP2A,BAALC,ABTB2,ADGRL2,SERGEF,AL590004.3,KDR,DNAH5,HDAC9,FBLN5,AC104596.1,NLGN4Y
1,CACNA2D1,HIST1H1E,CENPF,MSRA,HIST1H2AC,DCC,ASIC2,MALAT1,AC079772.1,GABBR1,LAMA3,TRIP11,CBR4,USP9Y
2,SMAD9,MIR924HG,ASPM,RFX3,GEM,EPHA5,FAM163A,NEAT1,TFPI,MACC1,TMEM156,AL136456.1,LINC02615,UTY
3,CACNA1A,BRIP1,ECT2,CHGA,HIST1H2BC,ERBB4,SLC18A1,KRT20,SEMA3A,NCEH1,TGFB2,AC092813.1,AC073475.1,PCDH11Y
4,KCNB2,HIST1H1C,CENPE,LINC01811,HIST1H4H,PEG3,SAMD3,LURAP1L,LINC01208,SAT1,FBN2,TC2N,AC108169.1,TBL1Y
5,RALYL,HIST1H1B,TPX2,TENM3,IER3,TRMT9B,SAMD5,SLC7A11,LINC01091,ADARB1,DOCK5,FER1L6,GPM6A,TTTY14
6,FIGNL1,RFC3,CCNB1,AC063980.1,GADD45B,RYR2,ANK2,IQCJ,CHST9,CXCL8,PCDH7,FABP12,FSTL5,PRKY
7,RAP1GAP2,ATAD2,SMC4,RORA,HIST1H2BD,ADGRL3,LMX1A,ALDH1A2,ARHGAP29,PRAG1,ITGB8,LINC00862,FRG1-DT,RPS4Y1
8,CADPS,HIST1H4C,CIT,LINC02384,CRIM1,SH3RF3,CAPRIN2,MLPH,LINC01811,NCOA7,NFIB,LINC02408,NEK1,DDX3Y
9,DMD,FAM111B,SCLT1,RFX3-AS1,IRS2,AC007368.1,CNKSR3,TMEM132D,PACS1,ANKRD36C,AHR,CATSPERB,REELD1,TTTY10
10,SLCO3A1,POLQ,BUB1,HOXB6,LINC-PINT,BRINP3,CHGA,PLXNA2,AC092691.1,GDF15,EDN1,TG,PALLD,ZFY
11,AC060765.1,SPC25,HELLPAR,HMGA2,ARHGAP26,PEG10,SGCD,SQSTM1,DUSP6,FSTL1,KCTD8,AP003472.1,STOX2,KDM5D
12,PCSK2,MELK,MKI67,ARHGEF38,CLSTN2,AC011287.1,TMEM200A,NIBAN1,H19,RASSF9,KLHL5,IL34,FAT1,FAM230C
13,LINC00261,RAD54L,KPNA2,ATOX1,BAIAP2,PPARGC1A,DSCAM,LURAP1L-AS1,FSTL1,CASC15,RBPMS,LINC00640,GALNT7,FAM230F
14,PTPRN2,NCAPG2,SGO2,ASTN2,HIST1H2BJ,KCNC2,SULF2,DDIT3,DPYSL3,PKHD1,FNBP1,LINC01170,AC105285.1,LINC00278
15,CACNA1C,ESCO2,DLGAP5,RAB11FIP1,KHDRBS3,NR2F1,LINC01811,AL589693.1,ANGPT2,PLEKHG1,SEMA3A,MSH4,LRBA,EIF1AY
16,RIMBP2,SMC4,KIF14,MYO5B,BMP6,AC016766.1,AL033504.1,IQCJ-SCHIP1,GP2,LCN2,ANKRD36C,SNX31,AC078881.1,DHRSX
17,IGFBP5,CEP128,CKAP5,GLIS3,JUN,LUZP2,PDE10A,RNF144A,AC108067.1,ITGB8,CCN1,AC025465.1,ADAM29,CD99
18,TOX,EXO1,ARL6IP1,RIMS2,HIST1H2BE,SCG2,SYT13,AL163541.1,SLITRK6,SDC4,ANXA3,LINC02073,AC112236.3,IL3RA
19,KCNJ3,NCAPD3,CDCA2,TGFBR3,MARCH3,AC090679.2,PAM,MUC13,MOXD1,LINC00342,PDE3A,AL391117.1,ZNF827,AC010889.2
20,DDC,CLSPN,NDC80,AC073365.1,SLIT2,FAM135B,RORA,PPARGC1A,AL157778.1,ANXA3,HS6ST2,NPR3,CPE,ASMTL
21,EYS,FANCI,KIF4A,PTPRN2,AL353759.1,NEAT1,RAB3B,NCKAP5,CEACAM5,EZR,RIPK2,AC084816.1,DCHS2,PLCXD1
22,NOL4,DTL,DEPDC1,CCND1,CRY1,EFNA5,KCNQ5,LDLRAD4,HOXB3,BICC1,GCNT2,LINC01483,MAML3,TMSB4Y
23,ASCL1,CIT,KIF18A,C8orf37-AS1,IRF1,PDE4B,GRIP2,NEBL,AC104574.2,TFPI2,MYOF,MOBP,FAM149A,ZBED1
24,CSMD3,TUBB,ARHGAP11B,SULF1,RTN4,BDKRB2,HS3ST4,AL136114.1,DLG2,CD44,LINC00342,GLIS1,AC107223.1,LINC00106
25,PDZRN3,CENPP,KIF2C,AGR2,ZBTB10,MIR137HG,ROR1,ALOX12-AS1,DUSP4,UBD,CYP1A1,LINC01619,FNIP2,PPP2R3B
26,HNF1A-AS1,E2F7,AURKA,CACNA1D,ZSWIM6,DPYD,RGS16,SULT1C2,NRP1,MET,OPHN1,LINC01482,TLL1,SLC25A6
27,CXXC4,IQGAP3,G2E3,CSGALNACT1,CREB5,KCNB2,KLHL29,EXOC6B,FXYD3,SPTSSB,PLEKHG1,CORIN,IQCM,ASMTL-AS1
28,AL359649.1,Z94721.1,NUF2,CADPS2,HSPH1,ETV1,KCNMB2,FGF1,CSMD3,ATF3,ANXA1,LINC00880,AC097487.1,FOXH1
29,NPAS3,BRCA1,CDCA8,VPS13C,HOMER1,RBM20,TNR,AC090192.2,SIPA1L2,FNDC3B,SHB,CCNG2,MSMO1,AKAP17A
30,RFX6,WDR62,KIF20A,RAPGEF5,ALK,COLEC10,MID1,HKDC1,EHF,MBNL1,RUNX2,AC079210.1,NR3C2,GTPBP6
31,KLHL29,ATAD5,TTK,TRIM2,TLE4,AC124254.2,SEZ6L,AC004231.1,FRMPD4,TM4SF1,FSTL1,LINC02284,SORBS2,LINC00907
32,ST6GALNAC5,FAM111A,PRR11,SDK1,POLR2A,ADAMTS5,CACNA1D,AC008014.1,TNC,DPYSL3,AC126182.3,ADAMTSL1,LINC02268,AL732314.6
33,MMP26,BARD1,LMO7,PIK3C2G,ARRDC3,AC021723.2,CHGB,XKR4,NAALADL2,CXCL3,SLC4A4,IQCJ,PCDH10,OTOGL
34,FGF14,NSD2,GAS2L3,CDH19,INTS6,TENM3,ST6GALNAC5,PALM2-AKAP2,CSRNP3,DCDC2,CLDN1,MAP7D2,GLRA3,XG
35,MAP3K5,HIST2H2AC,CCNA2,CLDN7,GFPT2,ALK,OR51E2,PTPRM,CDCA7L,RAB11FIP1,DCLK1,EVPL,AC097534.1,AC011481.2
36,RBMS3,PRIM2,AC073529.1,SOX5,CRTAC1,LRP1B,NETO1,SPTBN1,ERBB4,HS6ST2,STEAP4,ANKUB1,AC107214.1,ZFY-AS1
37,SEZ6L,KIF15,CKAP2L,FMN1,ADM,HEPACAM2,SLIT1,PTP4A1,VMP1,TNFAIP2,SVIL,MGAM,LRP2BP,AL450992.1
38,SCGN,RAD18,GPSM2,CHN2,FAM222A,AMPH,SDK2,MAP1B,ADGRG6,PLAU,THBS1,STPG4,DCLK2,SPRY3
39,AFF3,POLA1,HMMR,NAALADL2,TSC22D2,NR2F1-AS1,LUZP2,CREB5,ARSJ,GCNT2,ALDH1A3,AC104211.1,INPP4B,LINC00298
40,TRHDE,IRAK4,NEK2,GPR160,EAF2,NWD2,LRP1B,AP001636.3,ATF3,PTPRG,MIR181A1HG,AC090921.1,CFAP97,SI
41,GRIK3,ASF1B,PARPBP,KDM4C,MAN1A1,RALYL,CHRM3,LINC01376,SPRY1,EPHA2,MTUS1,AL357153.2,AC002460.2,LINC00685
42,STUM,KIF18B,DEPDC1B,VAV2,KLF10,MT-CO1,CAMK2D,AC010280.1,LAMB1,RNF19A,MET,AC025159.1,AC015631.1,OR2M4
43,ANXA13,CENPI,TACC3,FYB2,SAMD4A,MT-ND4,KCNJ6,LINC02240,S100A6,SPTBN1,SAT1,AL161449.2,ELF2,EYA2
44,KCNMB2,BLM,CCDC18,EPCAM,ELAVL2,GLI3,PTPRN2,IRS2,HOXB-AS3,TFAP2A,ADGRL3,LINC01588,RAPGEF2,CA5A
45,CHD7,HIST1H3B,TROAP,C15orf48,RYBP,HMGCS2,SLC7A2,SDK2,TRHDE,MBNL2,MACC1,AC103770.1,PDGFC,NALCN
46,KCNH6,E2F8,CKAP2,CLDN4,FNDC3B,CTNND2,ELL2,KLHL24,CAPN8,VMP1,ANKRD29,AL109615.3,WDR17,CCDC85A
47,PLCG2,SLC8A1,HMGB2,IQSEC1,RGS2,EPHA5-AS1,SAAL1,VLDLR-AS1,EPHA6,MECOM,LINC02742,EFCAB8,PRIMPOL,KCNIP2
48,SYT1,STIL,ANLN,TACC1,BCL6,TNR,CHN2,NCAM1,RAB27B,NAALADL2,PLAU,AC008467.1,AC105383.1,MIEF1
49,ANGPT2,SYNE2,FAM83D,GLYATL3,IFRD1,THSD4,TMTC1,CTNNA2,ENC1,CYP4X1,ADAM9,CASS4,ANAPC10,AC116362.1
50,CMIP,DEPDC1B,INCENP,LINC01208,SERPINI1,UBR4,BRINP3,RUNX1,LUZP2,ICAM1,AF117829.1,DCDC2C,SPOCK3,AL136441.1
51,ELAVL4,NCAPG,UBE2C,ZCCHC7,SOX4,TRPM3,COL5A2,IL6R,NPAS2,LARGE1,FRMD5,NUP210L,FBXW7,AP000695.1
52,KCNJ6,CDCA5,HP1BP3,ERBB4,EPHA4,PCSK2,ARFGEF3,RIN2,TMSB4X,KRT18,SLC12A2,CPED1,COL25A1,AL009181.1
53,GSE1,RRM1,KNL1,GRHL2,NABP1,TMTC2,HS6ST3,LINC01344,COL2A1,ADAM9,CASC15,LINC01933,C4orf51,LINC01482
54,NRXN3,TMPO,CEP70,AGR3,TXNDC16,MT-ND5,AC006974.1,AC007389.1,TPM4,DAPK1,GPC6,AC015845.2,LSM6,LINC01091
55,ESRRG,TYMS,KIFC1,COBLL1,GLS,CSRNP3,PLD1,TCP11L2,PDIA6,SHB,BICC1,DRC1,TMEM192,PTPRM
56,PHACTR1,CENPK,PTTG1,LINC02197,CADM1,GABBR2,DACH1,SLC4A5,C3orf52,DOCK5,RND3,FGF18,SLC9B1,MT-ND5
57,BBOX1-AS1,FANCB,CENPA,CDH7,PHLPP1,CNTN4,SMOC1,BBOX1-AS1,PDE4D,AHR,FIRRE,SEMA4A,ARHGAP10,RSAD2
58,ST18,KIF24,NUCKS1,TNR,MIR7-3HG,TBC1D4,CDHR3,LINC02006,SPRY4-AS1,NPAS2,NCOA7,RGS22,SH3D19,CEP112
59,FGF12,CCDC150,KIF20B,NDNF,NPAS4,ZEB2,LRFN2,LYST,LPP,GRHL2,SIPA1L2,HELLPAR,RNF150,TBX21
60,CMTM8,EZH2,PRC1,KLHL4,FGF18,CADPS,KCNK10,GMDS-DT,CDK6,RPS6,NAALADL2,SIAH2-AS1,CYP4V2,ZNF486
61,BMPR1B,FANCD2,RACGAP1,CDH1,GCNA,IL1RAPL1,RIMBP2,LINC01226,HSP90B1,MAML2,EZR,PYGM,CLCN3,AC055811.1
62,MAML3,KIFC1,CDK1,RPS6,HIST3H2A,CSMD3,VPS13A,CDH12,ADAMTS1,QKI,PAPPA,AL445623.2,DDX60L,INVS
63,INSR,PCNA,HJURP,SCIN,AC025164.1,EPHA3,GRIA4,AC092353.2,PLXDC2,LAMB1,PDP1,MCHR2,FAM160A1,PARD3B
64,AL359704.3,SKA3,NCAPH,AC104041.1,MAP7D2,KCNQ5,COLEC10,AC090125.1,PDLIM5,MUSK,INPP4B,CMYA5,ARFIP1,CHGA
65,PDGFRA,DSCC1,CEP128,MAGI1,BOLA1,CACNB4,PIP5K1B,AC093655.1,COL5A2,IGF2BP2,KRT17,MYRFL,AC004704.1,RFX8
66,NEUROD1,GEN1,TUBB4B,TRPC7,DOCK4,AC079772.1,CBLN2,ATP10B,GHRL,AMOTL2,SGPP2,LINC02680,DDX60,NSD2
67,SMOC2,BRCA2,BUB1B,IGFBP3,MAPRE2,DCX,PDK4,DMGDH,CHN2,PTPRK,CCSER1,AL078604.4,SNX25,AVPR1A
68,MARCH8,NCAPH,CDC25C,RAP1B,ACTN2,CDH22,B3GALT5,CREBRF,ADAMTS6,PERP,CYP1B1,RPL37A,SLC10A7,LARP6
69,NFASC,HIST1H4E,CCNB2,HOXB3,SGK1,RARB,C6orf141,AC091646.1,ATXN1,PTPN14,NTN4,MIR3659HG,SCLT1,HMGCS1
70,NRXN1,VRK1,KIF23,LCN15,BHLHE41,CHN2,SI,AC139887.2,CDCP1,AC104041.1,PRAG1,AC024901.1,WWC2,AC010186.3
71,MLXIPL,RAD54B,CENPI,AC019197.1,NR1D1,MMP26,TENM4,SLC16A12,GRHL2,AC126182.3,TMTC2,POLN,LARP1B,AC004704.1
72,DSP,RAD51AP1,CDC20,SCG3,FOS,LINC01687,AC021683.2,TMEM140,CAPN2,DNAH7,PLCE1,LINC01934,AC109927.1,ADAMTS2
73,TMEM132D,SPC24,BIRC5,GBA2,EPHA7,NRG2,OXTR,CNKSR3,ABCC3,MAGI1,KRT19,LINC02646,AC104819.3,SLC35F4
74,KCNH7,CEP192,SPAG5,C3orf52,TMEFF2,KCNN2,CASZ1,UNC5B,ANXA3,MIR34AHG,TPM1,ADAM32,ANK2,PHLDB3
75,AC005019.2,CHAF1A,ARHGAP11A,LINC02343,RND1,GPC6,HMGCS1,THSD4,LIMS1,TRIM2,KRT15,AL390957.1,NDST4,B3GNT4
76,SATB2,MCM8,RSRC1,KDR,TOP1,IGFBP5,FAM135B,PLA2G4C,LINC00351,HMGA2,SMAD3,IPCEF1,AC099343.4,SFRP4
77,STK33,MYBL2,LINC02456,PARD3B,TRIM36,ROBO1,PLCXD3,VEGFA,SOX6,HOXB6,VAV3,LINC01505,LINC01091,LINC01376
78,HEPACAM2,CIP2A,KIF11,MUC13,ABHD3,CDHR3,PLCG2,KLF6,HOXB9,LSAMP,TACSTD2,PXDNL,AC115622.1,AC073114.1
79,PLXNA2,CENPJ,PIF1,DUSP4,JARID2,LIN7A,BCAR3,NUPR1,EGR1,KRT8,DUSP5,AEBP2,KLHL2,SLC22A15
80,GRIN3A,MASTL,KIF18B,SPRED2,CITED2,AC104041.1,FRY,LINC00511,KCNK1,LAMC2,CDKN2B,ANKRD7,CENPU,HHAT
81,KIAA1324,KNTC1,PLCH1,VPS13A,USP53,KCNE4,EYS,AL139260.1,TCF7L1,RASEF,MAML2,OVCH1,GAB1,BCAS4
82,LRFN2,CDC6,CALM2,ERBB3,CACHD1,PCP4,ANKS1B,PLCL1,FAM189A1,TBC1D8,NEDD4L,AC092353.1,TMEM131L,ZNF705B
83,SLIT1,SKA1,KNSTRN,ATP2A3,CA8,MAP2K6,PCSK1,PKN2-AS1,FRK,ABCC3,CYP4X1,SLC26A7,NAA15,MGAT4C
84,L3MBTL4,ZGRF1,KIF15,NR6A1,ID2,ESRRG,AC010198.2,TRIB3,LIMA1,APP,LIMCH1,KCNAB1,TTC29,NAP1L2
85,COL21A1,SMC1A,PLK1,MLLT3,ERO1B,MGST1,FAT3,ATXN1,NFKBIZ,SHROOM3,SHROOM3,AL136115.2,LINC00616,DOCK10
86,CNTNAP5,HIST1H2AD,CCNG2,MEIS2,KLF4,ZFHX4,AL136441.1,JDP2,CEACAM6,AC005062.1,MYO5B,AL049629.1,MAP9,MINCR
87,MIR646HG,DNA2,AC092944.1,TLCD4,PPP1R15A,ATP5F1B,LIMS1,TMCO3,FLNA,ANK3,ENAH,LINC00310,LRAT,APOA1-AS
88,DNAH14,LINGO2,SGO1,MS4A8,DIPK2A,FRMD6,FARP1,TGM2,TRIM2,TXNRD1,GRHL2,GRK7,CEP44,PPM1K-DT
89,EHF,CEP152,CEP112,ST14,FSTL4,RGS16,AC091646.1,LINC02542,IL1RAP,AC083837.1,MUSK,AOX1,SH3RF1,SSPN
90,LINC00907,RTTN,CDKN3,TNNT2,PCDH19,NOL4,ITPR2,HTR3A,COLEC10,DUSP5,AMOTL2,AC104248.1,CASP3,AP001062.1
91,ADCY2,FBXO5,GTSE1,MAGI2,CEMIP2,GALNT13,CLIC5,RGS7,TNFRSF11B,KANK1,LTBP1,TENT5A,GUCY1A1,NEUROD4
92,MIR217HG,NUSAP1,LINC01572,TRIM38,ABHD5,AC006058.1,GCLC,CEBPG,ANK3,FRAS1,SUSD4,MAFA,MFAP3L,VIL1
93,EBF1,ANLN,NLGN1,PSD3,SSBP2,LINC02336,TMCC3,AC138627.1,TNFRSF21,SLC4A4,TFAP2A,PTH2R,ACSL1,AC130650.1
94,CACNB2,MCM4,PBK,UNC13B,BRD2,NRCAM,PTPRN,SLC38A1,ADAM9,MIR3142HG,SLITRK6,AP000829.1,NEIL3,KIAA1549L
95,HOXB3,CENPO,CEP55,CYBA,SIPA1L2,STAC,RAPGEF4,CREB3L1,ACOXL,MYH9,GDF15,AC009522.1,TRAPPC11,HNF1A-AS1
96,AUTS2,PDE1A,NUSAP1,ERMP1,BCL2L11,HS3ST5,RNF152,AC138305.1,NUDT4,PDE3A,MYH9,SCG5,HMGB2,TRPM3
97,AC060765.2,MCM10,SPDL1,UBAP2,TIPARP,NETO1,BDKRB2,CDH17,IL1RAPL2,FHAD1,KRT18,SGO1-AS1,SLC7A11,SLC45A2
98,FOXN3,ITGB3BP,MIS18BP1,HGD,SKIL,MAGED1,CPE,ARFGEF3,ZNF704,SHANK2,CDKN2A,MYLK2,TENM3,PDE10A
99,SLC7A2,TUBGCP3,NDE1,EVC2,EXT1,CACNA2D1,SOAT1,AC092944.1,KLF5,CLDN4,ARHGAP29,AC079779.2,FAM218A,SLC12A8
