"","PT_seg01","PT_seg02","PT_seg03","PT_seg04","PT_seg05","PT_seg06","PT_seg07","PT_seg08","PT_seg09","PT_seg10","PT_seg11","PT_seg12","PT_seg13","PT_seg14","PT_seg15","PT_seg16"
"AHR",1,0.956070415652464,0.975490501720337,0.969341215106646,0.898174877589122,0.8076856751292,0.939190155874111,0.950853675201909,0.967683090924262,0.952384562085996,0.722999484524251,0.630871488465967,0.899264574153588,0.903526685895267,0.884948467093055,0.666232579576105
"AIRE",1,0.620490605412984,0.884322476883516,0.897996533393907,0.993916578306901,0.994692199861803,0.864684247922374,0.848145514390106,0.153382282567434,0.737250439159189,0.812618489350783,0.850721110392185,0.647684713196083,0.196304834417997,0.554901656720707,0.304817586460582
"ALX1",1,0.956070415652464,0.995979668421687,0.842626921352854,0.747244863282041,0.838618887217342,0.981667111438833,0.787168352587203,0.629843727557052,0.623308810467699,0.604217335390848,0.774818591403238,0.945345274124798,0.907213212278091,0.455690680567566,0.764986565364941
"AR",1,0.98408019031874,0.995979668421687,0.98351757899717,0.733334735506848,0.80513298299067,0.878031060519219,0.787168352587203,0.610812651650559,0.805497180737416,0.294434347682413,0.0933348526509485,0.431182043528203,0.0998607974589626,0.273835048861438,0.41361557251911
"TFAP2B",1,0.98408019031874,0.995979668421687,0.974158366456649,0.664984227205943,0.934199636110939,0.847479244465796,0.969480992691072,0.919724509259245,0.696676648340217,0.995770616837039,0.756551467274209,0.461837704519598,0.897776882892286,0.368780022124672,0.635631174669063
"ARI5B",1,0.98408019031874,0.957984213219975,0.969341215106646,0.872348411505346,0.798621830522723,0.866369842283461,0.787168352587203,0.889320825356995,0.427443626095681,0.645471644400739,0.807211505725496,0.958416457338643,0.935878546282571,0.250832529519252,0.515530268931434
"ASCL1",1,0.908088608102977,0.867539705419425,0.700142056940799,0.862259088590325,0.798621830522723,0.991906625310941,0.849873040895543,0.774353893743258,0.657003454833364,0.972601912213401,0.803815447742779,0.945345274124798,0.586102469892216,0.468718808745634,0.673439271822253
"ATF2",1,0.98408019031874,0.946932806421142,0.969341215106646,0.733334735506848,0.934843265917838,0.00915924820756124,0.788997403116444,0.409551232972648,0.737250439159189,0.621863389774342,0.613014676050466,0.647897296504326,0.591460900514358,0.973538774829145,0.0516678409841052
"ATF3",1,0.956070415652464,0.867483327456948,0.941656274363736,0.999395563012901,0.326486020489991,0.955399119321446,0.634189470019497,0.78681177835622,0.69137680923474,0.983037411826462,0.826988010401596,0.931340191477214,0.952785748994046,0.169713636214517,0.840825939945768
"ATF6A",1,0.956070415652464,0.994195381135483,0.941656274363736,0.900594559510192,0.798621830522723,0.847479244465796,0.312037815124139,0.875392940150283,0.785932472808087,0.669580658195612,0.147343287495192,0.0978313259564951,0.175446556021997,0.173347244777503,0.112822687615452
"BACH1",1,0.956070415652464,0.74627517493716,0.941656274363736,0.898174877589122,0.838618887217342,0.342894936321931,0.927374714835903,0.314690812859936,0.819733802584539,0.56850026610325,0.498312004398202,0.280913188037958,0.951457336561893,0.777709314173456,0.792245331861288
"BATF3",1,0.921365829174799,0.881885165100991,0.876489585264397,0.733334735506848,0.940909263277609,0.996223615571721,0.848145514390106,0.834719148794322,0.980867966841765,0.622323365346666,0.972515724851193,0.505261582324773,0.671243298178554,0.859960799722937,0.639466489113123
"BATF",1,0.956070415652464,0.867483327456948,0.897996533393907,0.9273464399044,0.8076856751292,0.847479244465796,0.114411350922139,0.0948008540226876,0.467385217350359,0.453751965573742,0.668832800234822,0.945345274124798,0.897776882892286,0.617745089283313,0.639466489113123
"BC11A",1,0.99396207844036,0.514384538185589,0.773916786918197,0.987060769344073,0.892965424104149,0.999075208984906,0.86987666253253,0.556547220504251,0.343107048471103,0.66160405350715,0.00579246324561231,0.0128109395856269,0.175161608697799,0.001448444092784,0.304817586460582
"BCL6",1,0.98408019031874,0.881885165100991,0.945442400900936,0.733334735506848,0.93069102238181,0.223425777745468,0.916685821681485,0.900871341353914,0.287162919603715,0.242726975807227,0.452112535620237,0.39272734116828,0.72099670304674,0.220730005923946,0.759798768450312
"BHA15",1,0.98408019031874,0.957984213219975,0.941656274363736,0.733334735506848,0.972563991726983,0.939190155874111,0.475479121248412,0.770827872052552,0.945066208249229,0.992675772379568,0.826988010401596,0.931340191477214,0.825165328728046,0.908698855608726,0.452671785122644
"BHE40",1,0.956070415652464,0.892205009863106,0.944598748783359,0.764540810544098,0.965327030725155,0.864684247922374,0.40471507042252,0.793587481675396,0.820058701267193,0.622323365346666,0.775649920944856,0.976254219327517,0.283756349312513,0.973538774829145,0.635631174669063
"BMAL1",1,0.98408019031874,0.867483327456948,0.969341215106646,0.733334735506848,0.987559845285666,0.789494006994958,0.943654032713639,0.793587481675396,0.953236597748393,0.743821487104534,0.408786850669684,0.506470560409541,0.847309468352854,0.971290466192404,0.647556289849144
"BRAC",1,0.956070415652464,0.957984213219975,0.941656274363736,0.733334735506848,0.838618887217342,0.356410218581281,0.337563053214088,0.787836431551583,0.109718029886228,0.902861855209177,0.827686858262114,0.506470560409541,0.59557548125397,0.819044532027132,0.865222419823549
"CDX1",1,0.98901792301857,0.867539705419425,0.842626921352854,0.898174877589122,0.3862574302493,0.193426728629219,0.00447023704908681,0.793587481675396,0.737250439159189,0.294434347682413,0.159342841805977,0.787957756339085,0.538350289994845,0.368780022124672,0.327174479584795
"CDX2",1,0.956070415652464,0.994195381135483,0.941656274363736,0.993916578306901,0.634002977389188,0.451419966280274,0.575661600032396,0.340604367935855,0.372675472133715,0.971502793412902,0.963627887921179,0.447739039061068,0.603209259626526,0.788787486494853,0.445023632017086
"CEBPD",1,0.956070415652464,0.881885165100991,0.842626921352854,0.993916578306901,0.798621830522723,0.939190155874111,0.963242482192413,0.973569243199158,0.847619657083435,0.972601912213401,0.636528815781239,0.595361186867907,0.859598449244632,0.630011616139891,0.901353374816334
"CEBPE",1,0.975439793664328,0.837688334431869,0.941656274363736,0.993916578306901,0.841927914594997,0.997548684183703,0.943654032713639,0.627509378464328,0.563648425096119,0.51075774488164,0.827643528601,0.625649541904689,0.900561456920301,0.649966504720229,0.89021238793174
"CLOCK",1,0.956070415652464,0.984479619524662,0.7458146508446,0.993916578306901,0.944855728567535,0.386882841248501,0.451574136614864,0.14302722767657,0.794581095137647,0.800949608203635,0.668832800234822,0.850850535141029,0.575099048316699,0.973538774829145,0.865512908692044
"COE1",1,0.956070415652464,0.868719919334847,0.897996533393907,0.905012295053789,0.326486020489991,0.193426728629219,0.29440120593636,0.934432815606721,0.696676648340217,0.621863389774342,0.0304828090865766,0.192775497437851,0.0231964712289102,0.103528276909254,0.0227026117538838
"COT1",1,0.98408019031874,0.867483327456948,0.941656274363736,0.9273464399044,0.798621830522723,0.847479244465796,0.668989832005272,0.991105433929886,0.533919317633741,0.986226710497092,0.827686858262114,0.899264574153588,0.746920535570895,0.873899232841075,0.830469177451588
"COT2",1,0.956070415652464,0.995979668421687,0.897996533393907,0.733334735506848,0.855319942847926,0.902690097973256,0.00291105900283422,0.610812651650559,0.78567217006551,0.420040471705373,0.248542218417372,0.193556950900024,0.0887688760534486,0.220730005923946,0.169722987010263
"CREM",1,0.98408019031874,0.884322476883516,0.897996533393907,0.987060769344073,0.719786833661878,0.847479244465796,0.917812522622046,0.763217465567783,0.509042990523724,0.622323365346666,0.555386289335447,0.945345274124798,0.971365871723619,0.0203894753161991,0.639466489113123
"CRX",1,0.98901792301857,0.929970963205782,0.941951060904072,0.900594559510192,0.965327030725155,0.314461281812393,0.308666034928645,0.838468005859556,0.943971385601627,0.127741889467688,0.774818591403238,0.147132497372807,0.935878546282571,0.89094053487498,0.523344913146014
"CUX1",1,0.98408019031874,0.994195381135483,0.903665200020009,0.999395563012901,0.841927914594997,0.953650209724336,0.308666034928645,0.556547220504251,0.950043287575287,0.604217335390848,0.693267449295955,0.931340191477214,0.686582150778127,0.973538774829145,0.656087387172731
"DBP",1,0.424378616570961,0.957984213219975,0.787261761106476,0.664984227205943,0.539063237997371,0.939723592768477,0.641937712991887,0.798583384446714,0.96277522341437,0.420040471705373,0.30466226223924,0.379850976463476,0.492010949652494,0.616349148825136,0.577510161411821
"DLX3",1,0.98408019031874,0.867539705419425,0.897996533393907,0.764540810544098,0.117985073536766,0.371962827864487,0.13605342023513,0.0839421680918496,0.895678023339082,0.87410410167155,0.252927937579497,0.899264574153588,0.0513141151040968,0.88241855255025,0.522789460772749
"DUX4",1,0.98408019031874,0.867483327456948,0.941656274363736,0.733334735506848,0.798621830522723,0.939190155874111,0.943654032713639,0.793587481675396,0.980867966841765,0.473569210209223,0.480554285491716,0.9021315390315,0.940915642966465,0.594539943952826,0.950806827259109
"E2F2",1,0.98408019031874,0.929970963205782,0.90750254647019,0.993916578306901,0.798621830522723,0.864684247922374,0.48091777734349,0.507100585649029,0.895678023339082,0.902861855209177,0.963627887921179,0.866205051259599,0.503444737058864,0.973538774829145,0.865222419823549
"E2F3",1,0.98408019031874,0.995979668421687,0.969341215106646,0.993916578306901,0.798621830522723,0.847479244465796,0.943654032713639,0.814468807751616,0.657003454833364,0.995770616837039,0.5670645115614,0.850850535141029,0.538350289994845,0.625299487376113,0.512434662172983
"E2F5",1,0.98901792301857,0.944435480617529,0.794903548373919,0.898174877589122,0.939926973152521,0.996223615571721,0.943654032713639,0.415967933643912,0.737250439159189,0.783896223275347,0.903117978318378,0.758336505536684,0.887652321201802,0.973538774829145,0.654815631199807
"E2F6",1,0.98408019031874,0.837688334431869,0.941656274363736,0.733334735506848,0.798621830522723,0.463645736504552,0.575661600032396,0.656748403983317,0.958691750752932,0.971502793412902,0.459929597515677,0.787957756339085,0.579292321983199,0.411931878954723,0.865222419823549
"ELF5",1,0.98901792301857,0.881885165100991,0.897996533393907,0.733334735506848,0.939926973152521,0.533059350721005,0.781304199672187,0.967683090924262,0.995902025679291,0.876510415022447,0.778177415831281,0.625649541904689,0.935878546282571,0.975894278800649,0.753994489541626
"ERG",1,0.956070415652464,0.867483327456948,0.897996533393907,0.900594559510192,0.944855728567535,0.794542554537397,0.156781554926587,0.555860226554667,0.805497180737416,0.993798455332672,0.473351055476657,0.888544436620144,0.939527212790743,0.973538774829145,0.965642243483868
"ERR1",1,0.956070415652464,0.995979668421687,0.440140712360182,0.999395563012901,0.841927914594997,0.939190155874111,0.178720328229374,0.556547220504251,0.957495791557842,0.969345997179787,0.432601197363124,0.945345274124798,0.575099048316699,0.450207948319556,0.673439271822253
"ERR2",1,0.991961997819797,0.867483327456948,0.2021805372467,0.733334735506848,0.712969512021385,0.0105553263336393,0.077883828983366,0.770827872052552,0.00441530608615627,0.0860732212123132,0.0168756890969316,0.0398568425785543,0.114941480210644,0.142306034386068,0.577510161411821
"ERR3",1,0.477089737390839,0.74627517493716,0.787261761106476,0.733334735506848,0.855319942847926,0.939190155874111,0.634794786441772,0.0269380117839794,0.945066208249229,0.993716456079675,0.604604914231714,0.945345274124798,0.935878546282571,0.993642207719237,0.825510456334452
"ESR1",1,0.956070415652464,0.867483327456948,0.915668284852467,0.9273464399044,0.838618887217342,0.966033772653127,0.943654032713639,0.967683090924262,0.285698811130546,0.995770616837039,0.408786850669684,0.654210852565823,0.492010949652494,0.0554931159402044,0.657428548202786
"ESR2",1,0.956070415652464,0.995979668421687,0.98351757899717,0.993916578306901,0.80513298299067,0.689424783821704,0.691012132525277,0.793587481675396,0.319328612942423,0.738304311647858,0.774818591403238,0.872769415766066,0.903526685895267,0.541773396481807,0.746575289691254
"ETS1",1,0.968260409549098,0.881885165100991,0.941656274363736,0.999395563012901,0.798621830522723,0.823952326759032,0.943654032713639,0.991105433929886,0.285698811130546,0.783896223275347,0.893372962679273,0.19512539927403,0.288663658178496,0.567605218285004,0.512434662172983
"ETS2",1,0.98408019031874,0.867539705419425,0.555187157920139,0.862259088590325,0.892965424104149,0.847479244465796,0.634189470019497,0.770827872052552,0.188353936697909,0.205407819971602,0.774818591403238,0.421623522600552,0.226293957408573,0.348827822593311,0.809491150178949
"ETV2",1,0.98408019031874,0.30505417614673,0.964616641703616,0.733334735506848,0.944855728567535,0.996223615571721,0.940890269154463,0.660514438900603,0.737250439159189,0.972601912213401,0.775649920944856,0.292518541090306,0.939527212790743,0.521777091473502,0.458680634156952
"ETV4",1,0.98901792301857,0.514384538185589,0.561375663123543,0.999395563012901,0.934843265917838,0.33040115456164,0.667441899812379,0.550706433583816,0.461963836417108,0.110415313278281,0.572744529231901,0.595361186867907,0.307095908910417,0.483400988771578,0.112822687615452
"ETV5",1,0.945947455706511,0.995979668421687,0.993904876499752,0.862259088590325,0.94237934847022,0.996223615571721,0.943654032713639,0.763217465567783,0.945066208249229,0.767487969185339,0.5670645115614,0.35795008047244,0.324970185961856,0.368780022124672,0.661416779092883
"EVI1",1,0.956070415652464,0.975490501720337,0.978559009105646,0.733334735506848,0.802140078191557,0.809530902779442,0.943654032713639,0.627509378464328,0.87212797865343,0.499500020095195,0.774818591403238,0.268021460814261,0.447628118730995,0.973538774829145,0.865222419823549
"FEV",1,0.98901792301857,0.867539705419425,0.941656274363736,0.644743720251156,0.996464824233207,0.847479244465796,0.974086148675741,0.514546341486339,0.957495791557842,0.995770616837039,0.498312004398202,0.926948433307889,0.872898164401919,0.649966504720229,0.933903917730457
"FEZF1",1,0.985172009251701,0.514384538185589,0.951954171859407,0.989319707307363,0.798621830522723,0.386593193737074,0.308666034928645,0.17823828258341,0.945066208249229,0.386745990277748,0.00622265583816437,0.183282618766187,0.00713522988250604,0.191594844049502,0.0641267742516713
"FLI1",1,0.98408019031874,0.867483327456948,0.944598748783359,0.747244863282041,0.0141038847890021,0.823952326759032,0.688852268412938,0.783899195393508,0.105156326618852,0.404974899998996,0.944497368331228,0.853560715608266,0.952785748994046,0.62138252847644,0.673439271822253
"FOXC1",1,0.956070415652464,0.995979668421687,0.787261761106476,0.733334735506848,0.798621830522723,0.939190155874111,0.944379314306541,0.00933740360613581,0.957495791557842,0.995770616837039,0.963627887921179,0.866205051259599,0.603209259626526,0.56452771144956,0.639466489113123
"FOXH1",1,0.956070415652464,0.975490501720337,0.98351757899717,0.733334735506848,0.837033556510161,0.723812856913054,0.86987666253253,0.428250726548766,0.835778119556565,0.640291599072683,0.775649920944856,0.518767794939088,0.971365871723619,0.521777091473502,0.993999529508541
"FOXI1",1,0.98408019031874,0.914940762409172,0.773916786918197,0.993916578306901,0.798621830522723,0.782513237884349,0.0869504389928122,0.550706433583816,0.855493428492284,0.896229938683953,0.774818591403238,0.418755380242315,0.916418908009469,0.973538774829145,0.577510161411821
"FOXJ2",1,0.956070415652464,0.867483327456948,0.367911405274924,0.706156457066005,0.892965424104149,0.492216311608825,0.539505621777717,0.919474456820971,0.794581095137647,0.969345997179787,0.668832800234822,0.119009800247203,0.0916071059385702,0.113083695543467,0.265920499016575
"FOXJ3",1,0.956070415652464,0.867539705419425,0.897996533393907,0.733334735506848,0.944855728567535,0.455343253799435,0.821101403589145,0.919724509259245,0.747248464374475,0.972601912213401,0.896423745764175,0.192775497437851,0.246931539330489,0.934178920257819,0.214304578003538
"FOXK1",1,0.956070415652464,0.929970963205782,0.842626921352854,0.862259088590325,0.539063237997371,0.809530902779442,0.659500116544707,0.770827872052552,0.809616630651697,0.841003592608413,0.756551467274209,0.506470560409541,0.496915547534102,0.554901656720707,0.98057686705585
"FOXO1",1,0.620490605412984,0.995979668421687,0.941656274363736,0.948455815111829,0.8076856751292,0.921970537494326,0.665067051912309,0.340604367935855,0.957495791557842,0.682760068173492,0.589088085779387,0.899264574153588,0.859598449244632,0.92783817843514,0.865222419823549
"FOXO4",1,0.98408019031874,0.995979668421687,0.700142056940799,0.993916578306901,0.238700665869259,0.139314969153548,0.917812522622046,0.340604367935855,0.957495791557842,0.719885767073661,0.77513721580665,0.637399596241034,0.771380304272446,0.859960799722937,0.788894880920092
"FOXP1",1,0.956070415652464,0.929970963205782,0.979940193718696,0.993916578306901,0.934199636110939,0.789809085188013,0.340565650556361,0.967683090924262,0.5332664042448,0.494920583905093,0.766034103720368,0.928017024943214,0.964128636161336,0.702579951204428,0.474282144292222
"FOXQ1",1,0.98408019031874,0.867539705419425,0.941656274363736,0.758003712990534,0.994692199861803,0.761886836613704,0.0879850480364113,0.553838525461354,0.819733802584539,0.852011361110213,0.555386289335447,0.945345274124798,0.99861057391436,0.300629321577112,0.865222419823549
"GATA3",1,0.98408019031874,0.514384538185589,0.739071490693691,0.828084800539069,0.858736109740323,0.723812856913054,0.943654032713639,0.784787735659326,0.945066208249229,0.719885767073661,0.78881055037649,0.39272734116828,0.939527212790743,0.766056081212785,0.891875731331042
"NR3C1",1,0.956070415652464,0.881885165100991,0.842626921352854,0.993916578306901,0.787545050258206,0.955166560342708,0.963242482192413,0.979379813202622,0.957495791557842,0.961503524399844,0.774818591403238,0.885964199031374,0.952785748994046,0.441274711638992,0.351797205115561
"GFI1B",1,0.98901792301857,0.867539705419425,0.993904876499752,0.908435381369492,0.712969512021385,0.533059350721005,0.965249126238725,0.991105433929886,0.945066208249229,0.420040471705373,0.5670645115614,0.145177841821861,0.285704871946673,0.566815129102374,0.665197389775481
"GFI1",1,0.98408019031874,0.995979668421687,0.969341215106646,0.900594559510192,0.939926973152521,0.866094078086524,0.787168352587203,0.748836945375088,0.850521980586148,0.812618489350783,0.613014676050466,0.850850535141029,0.900561456920301,0.30286977864916,0.169722987010263
"GLI3",1,0.956070415652464,0.995979668421687,0.969341215106646,0.733334735506848,0.869271272042607,0.864684247922374,0.943654032713639,0.627509378464328,0.945066208249229,0.645471644400739,0.756551467274209,0.850850535141029,0.897776882892286,0.567098251623006,0.98057686705585
"GRHL2",1,0.956070415652464,0.514384538185589,0.897996533393907,0.999395563012901,0.838618887217342,0.999075208984906,0.713396625201855,0.000137034009188803,1.34168217773318e-15,4.99525001122464e-23,6.67020409764526e-37,4.84508871817083e-34,2.75260046359047e-34,1.02012586627105e-32,7.50258012154441e-40
"HEN1",1,0.956070415652464,0.881885165100991,0.944598748783359,0.758003712990534,0.855319942847926,0.823989128971683,0.614749322855423,0.764317894934098,0.75107617301673,0.622323365346666,0.774818591403238,0.506470560409541,0.959913162238006,0.937821993657365,0.698658731379521
"HIC1",1,0.98901792301857,0.995979668421687,0.842626921352854,0.733334735506848,0.510686473978081,0.402079762891054,0.412972644596959,0.168005738552557,0.945066208249229,0.420040471705373,0.164831181903581,0.0398568425785543,0.385445621766176,0.148057767200089,0.0483031196210156
"HIF1A",1,0.956070415652464,0.975490501720337,0.969341215106646,0.999395563012901,0.620675092550653,0.997548684183703,0.849873040895543,0.793587481675396,0.971920915613187,0.983037411826462,0.952937322219401,0.362360523776614,0.935878546282571,0.533461745175273,0.865222419823549
"HINFP",1,0.98901792301857,0.994195381135483,0.98351757899717,0.664984227205943,0.93069102238181,0.999075208984906,0.821101403589145,0.889320825356995,0.657003454833364,0.686143257784258,0.707750108334337,0.945345274124798,0.596622882722601,0.973538774829145,0.730086068778588
"HLF",1,0.956070415652464,0.994195381135483,0.941951060904072,0.664984227205943,0.798621830522723,0.999075208984906,0.965249126238725,0.233202723289995,0.957495791557842,0.925370926814813,0.592562828687765,0.504114556327313,0.833377277876312,0.788787486494853,0.872473102702265
"HNF6",1,0.968030834735532,0.874384780497033,0.941656274363736,0.764540810544098,0.869271272042607,0.997548684183703,0.0613797435321147,0.991105433929886,0.737250439159189,0.716920905624798,0.193910421933829,0.00767948321677853,0.0826408734390249,0.0593415468584071,0.0267705487553405
"HSF1",1,0.620490605412984,0.837688334431869,0.969341215106646,0.999395563012901,0.8076856751292,0.996223615571721,0.668989832005272,0.0939233753193191,0.533919317633741,0.560238861360188,0.581243624630572,0.253509024375284,0.907213212278091,0.475111050157573,0.135751304878674
"HSF2",1,0.921365829174799,0.867483327456948,0.941656274363736,0.993916578306901,0.544474505413746,0.203016789871394,0.911816575539761,0.793587481675396,0.945066208249229,0.969345997179787,0.630871488465967,0.996512877795686,0.221463221891248,0.973538774829145,0.767277808299228
"HTF4",1,0.831343693184327,0.975490501720337,0.561375663123543,0.968804954958161,0.798621830522723,0.939190155874111,0.976408965593252,0.857036502852825,0.957495791557842,0.682760068173492,0.775649920944856,0.504114556327313,0.940915642966465,0.973538774829145,0.865222419823549
"HXA10",1,0.956070415652464,0.867483327456948,0.299281049389905,0.733334735506848,0.798621830522723,0.870093453346703,0.890500403728164,0.150231239133301,0.847619657083435,0.812618489350783,0.944497368331228,0.192775497437851,0.859598449244632,0.474731641494684,0.635631174669063
"HXA13",1,0.985172009251701,0.995979668421687,0.876489585264397,0.733334735506848,0.841752953707863,0.997548684183703,0.927374714835903,0.784787735659326,0.15965274316906,0.369471992793775,0.480554285491716,0.319694855854225,0.171168670665082,0.189922854641365,0.123270549510689
"HXA1",1,0.968030834735532,0.995979668421687,0.561375663123543,0.733334735506848,0.901143796410691,0.997548684183703,0.943654032713639,0.559163862738566,0.945066208249229,0.910209503696973,0.925032734430443,0.52291637988113,0.774611346275965,0.486940332006091,0.698658731379521
"HXA9",1,0.98408019031874,0.975490501720337,0.842626921352854,0.862259088590325,0.798621830522723,0.939190155874111,0.787168352587203,0.523689980978943,0.469203300763369,0.896229938683953,0.0453885077762109,0.116039980428348,0.503444737058864,0.335622732307138,0.327174479584795
"HXB13",1,0.956070415652464,0.907706058762867,0.941656274363736,0.733334735506848,0.940909263277609,0.0803219000924493,0.412972644596959,0.28198654269887,0.799091219913351,0.971502793412902,0.756551467274209,0.926948433307889,0.538350289994845,0.185773173521307,0.388897654289165
"HXB4",1,0.956070415652464,0.837688334431869,0.493438232397967,0.993916578306901,0.86471227791892,0.996223615571721,0.634189470019497,0.770827872052552,0.737250439159189,0.993716456079675,0.69252932756181,0.319694855854225,0.829690948208277,0.973538774829145,0.788894880920092
"HXC9",1,0.991961997819797,0.975490501720337,0.897996533393907,0.99813707545572,0.841927914594997,0.193426728629219,0.0579936908423131,0.550706433583816,0.446280345754366,0.213079296534461,0.0170730508375276,0.0998970364092609,0.237211266918941,0.126665000421269,0.0544215136310843
"IKZF1",1,0.956070415652464,0.995979668421687,0.903665200020009,0.993916578306901,0.919096356552713,0.823952326759032,0.943654032713639,0.314690812859936,0.414689498188636,0.294434347682413,0.0194465978260666,0.183282618766187,0.0916071059385702,0.0341124781885234,0.0620589984021441
"INSM1",1,0.98408019031874,0.881885165100991,0.951954171859407,0.999395563012901,0.512697119391914,0.997548684183703,0.90376780098463,0.684898848885411,0.945066208249229,0.995770616837039,0.774818591403238,0.79953003152277,0.503444737058864,0.348827822593311,0.655201666822069
"IRF3",1,0.956070415652464,0.995979668421687,0.941656274363736,0.99813707545572,0.719786833661878,0.847479244465796,0.943654032713639,0.991105433929886,0.994100451076498,0.701465666855117,0.30466226223924,0.0771811877590898,0.158063104132315,0.17873521209804,0.0705074807135815
"IRF7",1,0.956070415652464,0.884322476883516,0.418769534748933,0.733334735506848,0.712969512021385,0.733940503893952,0.575661600032396,0.660514438900603,0.260730920369308,0.971502793412902,0.774818591403238,0.665002203697059,0.114941480210644,0.641503923244463,0.991312969637137
"IRF9",1,0.956070415652464,0.867539705419425,0.842626921352854,0.733334735506848,0.994692199861803,0.823952326759032,0.943654032713639,0.314690812859936,0.971920915613187,0.682760068173492,0.630871488465967,0.0955598502808885,0.0831597723271633,0.220730005923946,0.195331073529949
"ISL1",1,0.620490605412984,0.975490501720337,0.367911405274924,0.733334735506848,0.841927914594997,0.902535451160598,0.428845391825568,0.350359627197867,0.994100451076498,0.682760068173492,0.788343462285032,0.885101840957994,0.8554683686018,0.89094053487498,0.474282144292222
"KAISO",1,0.956070415652464,0.867483327456948,0.903665200020009,0.733334735506848,0.798621830522723,0.847479244465796,0.874690337239878,0.919724509259245,0.807237033526619,0.865723858824038,0.775649920944856,0.674562549778859,0.820303134829809,0.890112904632682,0.474282144292222
"KLF8",1,0.620490605412984,0.995979668421687,0.90750254647019,0.993916578306901,0.8076856751292,0.996223615571721,0.762949331115074,0.650942142717249,0.696676648340217,0.995770616837039,0.851946046965407,0.660884042656556,0.903526685895267,0.908698855608726,0.673439271822253
"LEF1",1,0.98408019031874,0.514384538185589,0.2021805372467,0.993916578306901,0.864054674262902,0.984803457504112,0.821101403589145,0.556547220504251,0.799091219913351,0.489521697720393,0.790040483918797,0.265155738380666,0.598181273082961,0.34977592847069,0.142257442222583
"LHX2",1,0.956070415652464,0.870232058749515,0.842626921352854,0.999395563012901,0.933616295406906,0.202035623253976,0.787168352587203,0.0169105863630151,0.260387130530126,0.088752556988374,0.774818591403238,0.370042062417259,0.399334284444485,0.332370383740828,0.918649113774116
"LHX3",1,0.424378616570961,0.867539705419425,0.7458146508446,0.898174877589122,0.796084627757028,0.947592039251596,0.576396822059904,0.861056027415715,0.980867966841765,0.841003592608413,0.925032734430443,0.85594685287256,0.560145013176572,0.30286977864916,0.835184235741696
"LYL1",1,0.98408019031874,0.957984213219975,0.555187157920139,0.989161399373251,0.972563991726983,0.997548684183703,0.943654032713639,0.550706433583816,0.906312427624296,0.896229938683953,0.636528815781239,0.317419817858357,0.379912750984288,0.33895888557511,0.0711337852274303
"MAFB",1,0.98408019031874,0.961701197078278,0.794575276401478,0.733334735506848,0.855900999660047,0.902690097973256,0.974086148675741,0.634354108678564,0.971920915613187,0.896229938683953,0.774818591403238,0.390462550090717,0.725699515951722,0.975894278800649,0.899193748546476
"MAFF",1,0.98408019031874,0.994195381135483,0.367911405274924,0.664984227205943,0.994692199861803,0.689424783821704,0.246371588235679,0.78681177835622,0.469203300763369,0.743435149039572,0.953138637742903,0.945345274124798,0.952785748994046,0.625299487376113,0.877833414723065
"MAF",1,0.98408019031874,0.995979668421687,0.200640900635718,0.993916578306901,0.510686473978081,0.386882841248501,0.0699745139437354,0.769045503099491,0.945066208249229,0.334001621505483,0.104804742302854,0.958416457338643,0.20476400588662,0.358815407111437,0.0705074807135815
"MAX",1,0.98408019031874,0.994195381135483,0.98351757899717,0.900594559510192,0.798621830522723,0.981667111438833,0.943654032713639,0.770827872052552,0.945066208249229,0.622323365346666,0.613014676050466,0.500632122123714,0.907213212278091,0.973538774829145,0.830469177451588
"MBD2",1,0.98901792301857,0.914414290600637,0.897996533393907,0.459743901462254,0.798621830522723,0.809530902779442,0.943654032713639,0.314690812859936,0.794581095137647,0.972601912213401,0.408786850669684,0.956488507808413,0.782519140111205,0.835870539158219,0.217032258906913
"MECP2",1,0.98408019031874,0.957984213219975,0.794575276401478,0.993916578306901,0.8076856751292,0.823989128971683,0.848145514390106,0.967683090924262,0.814850396976756,0.995770616837039,0.668832800234822,0.425538387153675,0.952785748994046,0.455690680567566,0.327174479584795
"MEIS1",1,0.956070415652464,0.994195381135483,0.897996533393907,0.733334735506848,0.93069102238181,0.794542554537397,0.99449564024685,0.416494868256338,0.995902025679291,0.215262621508848,0.920253345087034,0.945345274124798,0.887652321201802,0.973538774829145,0.865222419823549
"MEIS2",1,0.98901792301857,0.867483327456948,0.941656274363736,0.993916578306901,0.855900999660047,0.847479244465796,0.943654032713639,0.556547220504251,0.461963836417108,0.983037411826462,0.0590309052497892,0.0372691051003921,0.428027435313981,0.475111050157573,0.0683769964359077
"MTF1",1,0.956070415652464,0.995979668421687,0.98351757899717,0.993916578306901,0.934199636110939,0.689424783821704,0.821101403589145,0.991105433929886,0.980867966841765,0.969345997179787,0.193207555757461,0.910861167480751,0.686582150778127,0.793021056300627,0.933903917730457
"MXI1",1,0.956070415652464,0.867483327456948,0.897996533393907,0.733334735506848,0.887209166784121,0.996223615571721,0.902780813914216,0.934432815606721,0.945066208249229,0.622323365346666,0.627866545990814,0.648899789880277,0.872898164401919,0.483400988771578,0.673439271822253
"MYB",1,0.98408019031874,0.907706058762867,0.944598748783359,0.733334735506848,0.798621830522723,0.606834863413563,0.965249126238725,0.991105433929886,0.365515446214174,0.939047090241481,0.985939979272807,0.396407020042566,0.897776882892286,0.632404643662491,0.940580736585281
"MYCN",1,0.98408019031874,0.957984213219975,0.964616641703616,0.993916578306901,0.798621830522723,0.921970537494326,0.980399943278704,0.793587481675396,0.72323864744636,0.995770616837039,0.774818591403238,0.931340191477214,0.935878546282571,0.819044532027132,0.568437926918004
"MYC",1,0.956070415652464,0.957984213219975,0.89818628369203,0.987060769344073,0.841927914594997,0.723812856913054,0.927374714835903,0.798583384446714,0.737250439159189,0.560238861360188,0.803815447742779,0.899264574153588,0.887652321201802,0.541773396481807,0.753552851879754
"MYF6",1,0.956070415652464,0.867483327456948,0.958772662840684,0.764540810544098,0.511680870118374,0.847479244465796,0.787168352587203,0.629843727557052,0.469203300763369,0.983037411826462,0.279607545387435,0.221699753062688,0.285704871946673,0.10796626156454,0.00637749918178742
"MZF1",1,0.98408019031874,0.867483327456948,0.897996533393907,0.733334735506848,0.855900999660047,0.723812856913054,0.0614630539414101,0.451760660901963,0.319328612942423,0.604217335390848,0.252927937579497,0.149126416877925,0.577859086372575,0.058371990461759,0.194887480547616
"NF2L1",1,0.956070415652464,0.944435480617529,0.969341215106646,0.989161399373251,0.50589962166328,0.939190155874111,0.412972644596959,0.723548717747125,0.72323864744636,0.604217335390848,0.613014676050466,0.39272734116828,0.142809956162495,0.617745089283313,0.230502436596985
"NFAC1",1,0.98901792301857,0.867483327456948,0.440140712360182,0.98140919132228,0.970132281177776,0.847479244465796,0.943654032713639,0.627509378464328,0.737250439159189,0.852011361110213,0.690774297047575,0.560411213717787,0.859598449244632,0.88241855255025,0.872473102702265
"NFAC2",1,0.956070415652464,0.995979668421687,0.842626921352854,0.733334735506848,0.80513298299067,0.997548684183703,0.943654032713639,0.28198654269887,0.971920915613187,0.448547244925099,0.0820144492836025,0.0268369957780864,0.33983612095691,0.349804828984372,0.00301087168827864
"NFAC3",1,0.98408019031874,0.867483327456948,0.969341215106646,0.993916578306901,0.841752953707863,0.948240188985433,0.976473596598965,0.934432815606721,0.562429830478057,0.489521697720393,0.98828331501412,0.281966932934583,0.959913162238006,0.774278910117518,0.178777735841277
"NFAC4",1,0.98901792301857,0.957984213219975,0.941656274363736,0.994675283501762,0.798621830522723,0.997548684183703,0.943654032713639,0.93289046758802,0.814796538915839,0.731844956501798,0.766034103720368,0.866205051259599,0.671243298178554,0.971290466192404,0.993999529508541
"NFIA",1,0.98901792301857,0.867539705419425,0.897996533393907,0.733334735506848,0.502358557143398,2.44594078409009e-05,2.44316428231716e-05,0.000137034009188803,0.068053230466845,0.000278340218950818,1.17472381846839e-13,1.20849206239492e-17,7.33738066710491e-16,3.85187222770488e-17,1.4371229481457e-10
"NFIC",1,0.98901792301857,0.867483327456948,0.897996533393907,0.898174877589122,0.50589962166328,0.324313497034585,0.022659674363114,0.00933740360613581,0.461963836417108,0.334001621505483,1.38884250055709e-05,0.00197753808522017,1.78700491207102e-05,5.69841466128464e-06,0.000314863832763736
"NKX21",1,0.968030834735532,0.881885165100991,0.418769534748933,0.733334735506848,0.994692199861803,0.356410218581281,0.634189470019497,0.656579230007395,0.287162919603715,0.740481805094049,0.913499608215472,0.506470560409541,0.832237032457545,0.784218464837196,0.809491150178949
"NKX25",1,0.433494553535795,0.914940762409172,0.700142056940799,0.993916578306901,0.503017765977976,0.884770229706524,0.943654032713639,0.919724509259245,0.794581095137647,0.953803112173491,0.925032734430443,0.997871713889073,0.990022849958241,0.993642207719237,0.647556289849144
"NKX28",1,0.620490605412984,0.944435480617529,0.941656274363736,0.98140919132228,0.841752953707863,0.823952326759032,0.96346880327079,0.691684559625877,0.945066208249229,0.925370926814813,0.774818591403238,0.171016522811261,0.957043528464301,0.329538020371044,0.840825939945768
"NKX31",1,0.956070415652464,0.867483327456948,0.964616641703616,0.993916578306901,0.892965424104149,0.939190155874111,0.116589134233762,0.576788576917986,0.72323864744636,0.896229938683953,0.774818591403238,0.620604520599635,0.900561456920301,0.541773396481807,0.910460393800694
"NKX32",1,0.968030834735532,0.87245937041756,0.941656274363736,0.733334735506848,0.93069102238181,0.996223615571721,0.91835206385563,0.934432815606721,0.640598222382322,0.983037411826462,0.756551467274209,0.387581804586147,0.596622882722601,0.566815129102374,0.702165886609068
"NKX61",1,0.956070415652464,0.867483327456948,0.0982520012569937,0.733334735506848,0.494911927047284,0.203016789871394,0.914772388318523,0.129351137555382,0.255311777045371,0.00476984998999776,0.0691312286771873,0.212677883822291,0.00857898466889019,0.0637420409778576,0.327174479584795
"NOBOX",1,0.956070415652464,0.867483327456948,0.842626921352854,0.993916578306901,0.887209166784121,0.997548684183703,0.848145514390106,0.5413066094279,0.971920915613187,0.616742772159458,0.827643528601,0.73666617358526,0.952785748994046,0.973538774829145,0.933903917730457
"NR1D1",1,0.975439793664328,0.914940762409172,0.89818628369203,0.9273464399044,0.864054674262902,0.085159764859055,0.125966349993658,0.28198654269887,0.788655829898701,0.993716456079675,0.827643528601,0.63231438691764,0.990022849958241,0.930615336827131,0.877833414723065
"NR1H3",1,0.98408019031874,0.995979668421687,0.941656274363736,0.733334735506848,0.8076856751292,0.997548684183703,0.956618455810664,0.993832368110085,0.657003454833364,0.70458733074634,0.844543875838345,0.888544436620144,0.897776882892286,0.570185668518742,0.940580736585281
"NR1H4",1,0.956070415652464,0.995979668421687,0.974158366456649,0.733334735506848,0.919096356552713,0.939190155874111,0.340565650556361,0.991105433929886,0.814796538915839,0.896229938683953,0.480554285491716,0.0391950531840914,0.334639224162694,0.674057198698241,0.530419057532082
"NR1I2",1,0.98901792301857,0.881885165100991,0.700142056940799,0.733334735506848,0.971193614424386,0.342894936321931,0.781304199672187,0.667732084580531,0.895678023339082,0.925370926814813,0.952937322219401,0.945345274124798,0.378210517830572,0.949487503041785,0.845004765274525
"NR1I3",1,0.956070415652464,0.867483327456948,0.969341215106646,0.764540810544098,0.838618887217342,0.386882841248501,0.740421370477326,0.712717726743364,0.985262793699363,0.86502371782167,0.715052352319404,0.833122894682224,0.782519140111205,0.969023958574208,0.89021238793174
"NR2C1",1,0.956070415652464,0.907706058762867,0.700142056940799,0.862259088590325,0.869271272042607,0.864684247922374,0.887684205821687,0.768843627870371,0.319328612942423,0.622323365346666,0.627036889457279,0.383509297179764,0.841539339383678,0.897684388929152,0.635631174669063
"NR2C2",1,0.956070415652464,0.881885165100991,0.897996533393907,0.995271889511731,0.798621830522723,0.997548684183703,0.943654032713639,0.79148138862432,0.218892805326798,0.731844956501798,0.628719028659251,0.926948433307889,0.283756349312513,0.364509983337786,0.327174479584795
"NR2E3",1,0.98408019031874,0.870232058749515,0.897996533393907,0.993916578306901,0.855319942847926,0.723812856913054,0.787168352587203,0.977151021007088,0.799091219913351,0.925370926814813,0.774818591403238,0.397584405835942,0.318650218397691,0.617745089283313,0.865222419823549
"NR4A1",1,0.98408019031874,0.995979668421687,0.624179819175264,0.733334735506848,0.987559845285666,0.806353366998226,0.969480992691072,0.770827872052552,0.957495791557842,0.682760068173492,0.827643528601,0.246411163634089,0.116073488049509,0.108505151735231,0.445023632017086
"NR4A2",1,0.98408019031874,0.892205009863106,0.752772611817925,0.993916578306901,0.994692199861803,0.373420014804868,0.308666034928645,0.684898848885411,0.105156326618852,0.686143257784258,0.408786850669684,0.221699753062688,0.0700477241758023,0.299460593920121,0.178777735841277
"NR5A2",1,0.956070415652464,0.957984213219975,0.98351757899717,0.993916578306901,0.841752953707863,0.775621109168129,0.508055876020945,0.314690812859936,0.657003454833364,0.526910086277498,0.111081978356634,0.0128109395856269,0.0320501846552961,0.486940332006091,0.214304578003538
"NR6A1",1,0.620490605412984,0.881885165100991,0.941656274363736,0.733334735506848,0.798621830522723,0.533059350721005,0.688852268412938,0.968324573602681,0.0685370249964271,0.586476965682867,0.985939979272807,0.975648770386433,0.977619208869841,0.718779588835299,0.872473102702265
"NRF1",1,0.98408019031874,0.867483327456948,0.447656193631357,0.900628928418672,0.502358557143398,0.203016789871394,0.412972644596959,0.793587481675396,0.46923108048539,0.062442418568871,0.359156412737019,0.319694855854225,0.288663658178496,0.758721569247162,0.327174479584795
"OLIG2",1,0.956070415652464,0.994195381135483,0.993904876499752,0.834160825163879,0.994692199861803,0.884770229706524,0.943654032713639,0.973569243199158,0.0940793355450819,0.425936442485995,0.00197089850567678,0.0357285733036556,0.0768928852327739,0.189922854641365,0.169722987010263
"OSR2",1,0.98901792301857,0.867483327456948,0.969341215106646,0.993916578306901,0.93069102238181,0.972201941970103,0.943654032713639,0.979379813202622,0.799091219913351,0.995770616837039,0.339227900954533,0.292851611197168,0.887652321201802,0.475111050157573,0.964040038390567
"OTX2",1,0.98408019031874,0.944435480617529,0.915668284852467,0.993916578306901,0.971065583037287,0.968566248009278,0.93049404724226,0.825085548737056,0.971037991212216,0.87410410167155,0.826988010401596,0.52291637988113,0.490918367249958,0.404835511885058,0.317487156773862
"OVOL1",1,0.98408019031874,0.87245937041756,0.897996533393907,0.733334735506848,0.437941886776452,0.996223615571721,0.420270450989899,0.485724073492787,0.737250439159189,0.768608337702167,0.668832800234822,0.0732961166275503,0.598181273082961,0.144995537152726,0.116163011684628
"OZF",1,0.956070415652464,0.867483327456948,0.944598748783359,0.733334735506848,0.50589962166328,0.996223615571721,0.232546734706986,0.793587481675396,0.562429830478057,0.604217335390848,0.756551467274209,0.436400018264678,0.603209259626526,0.784218464837196,0.594350584028143
"P53",1,0.968030834735532,0.867483327456948,0.969341215106646,0.999395563012901,0.93069102238181,0.939190155874111,0.943654032713639,0.839208245831813,0.343107048471103,0.701465666855117,0.566765513892489,0.929143997943059,0.940915642966465,0.103528276909254,0.397516146475027
"P63",1,0.991961997819797,0.867483327456948,0.941656274363736,0.764540810544098,0.8076856751292,0.823952326759032,0.412972644596959,0.627509378464328,0.741097901192988,0.0814311142822766,0.566765513892489,0.192775497437851,0.0768928852327739,0.483400988771578,0.2468221024235
"P73",1,0.956070415652464,0.995979668421687,0.969341215106646,0.644743720251156,0.994692199861803,0.972201941970103,0.576396822059904,0.967683090924262,0.945066208249229,0.499500020095195,0.953138637742903,0.655696307211205,0.959913162238006,0.784218464837196,0.89021238793174
"PAX5",1,0.620490605412984,0.944435480617529,0.964616641703616,0.993916578306901,0.80513298299067,0.790912154086293,0.641937712991887,0.991105433929886,0.957495791557842,0.205407819971602,0.104804742302854,0.147132497372807,0.35047887753578,0.103528276909254,0.0857368279762488
"PAX6",1,0.956070415652464,0.944435480617529,0.941656274363736,0.733334735506848,0.994692199861803,0.527160766624509,0.451574136614864,0.793587481675396,0.945066208249229,0.0466447265723396,0.264036187653749,0.184170894404817,0.171168670665082,0.625299487376113,0.356122879309319
"PBX1",1,0.968030834735532,0.922295031954027,0.974158366456649,0.993916578306901,0.994692199861803,0.997548684183703,0.688852268412938,0.968324573602681,0.285698811130546,0.995770616837039,0.683999774349764,0.637399596241034,0.429115934822197,0.973538774829145,0.395059076746491
"PBX2",1,0.968260409549098,0.957984213219975,0.960809465110998,0.995271889511731,0.80513298299067,0.645921746080906,0.943654032713639,0.967123799125459,0.850521980586148,0.995770616837039,0.781373996003946,0.59876029692654,0.879691144564512,0.897684388929152,0.654815631199807
"PDX1",1,0.945947455706511,0.957984213219975,0.941656274363736,0.862259088590325,0.502358557143398,0.997548684183703,0.943654032713639,0.931826192205067,0.958691750752932,0.420040471705373,0.630871488465967,0.996512877795686,0.586102469892216,0.710572006710232,0.901353374816334
"PEBB",1,0.98408019031874,0.995979668421687,0.897996533393907,0.999395563012901,0.940177909814997,0.984803457504112,0.246371588235679,0.661600356239575,0.737250439159189,0.812618489350783,0.790040483918797,0.899264574153588,0.897776882892286,0.930615336827131,0.265920499016575
"PIT1",1,0.620490605412984,0.837688334431869,0.944598748783359,0.664984227205943,0.798621830522723,0.723812856913054,0.943654032713639,0.550706433583816,0.971920915613187,0.205407819971602,0.073953137131005,0.383509297179764,0.0949004487594515,0.203978722178607,0.431373131079882
"PO2F1",1,0.985172009251701,0.867483327456948,0.773916786918197,0.98140919132228,0.944855728567535,0.847479244465796,0.699427255155079,0.451760660901963,0.343107048471103,0.604217335390848,0.30466226223924,0.466533119139792,0.859598449244632,0.625299487376113,0.312199134250099
"PO2F2",1,0.956070415652464,0.995979668421687,0.903665200020009,0.862259088590325,0.90804394103137,0.118913955191493,0.207087674632326,0.991105433929886,0.204503808522193,0.0733208099621593,0.129364511731786,0.160349097356083,0.283756349312513,0.0344911645471963,0.134368126145337
"PO3F1",1,0.956070415652464,0.995979668421687,0.787261761106476,0.930727750508538,0.712969512021385,0.463645736504552,0.943654032713639,0.968324573602681,0.603597684582806,0.983037411826462,0.774818591403238,0.0561937620103541,0.586102469892216,0.349804828984372,0.332726833426872
"PO3F2",1,0.956070415652464,0.995979668421687,0.543729720632154,0.862259088590325,0.841752953707863,0.314461281812393,0.664894042785362,0.0468759642321729,0.945066208249229,0.0396674095142426,0.589088085779387,0.446130420725864,0.492010949652494,0.792022795451451,0.753994489541626
"PRD14",1,0.956070415652464,0.881885165100991,0.897996533393907,0.993916578306901,0.798621830522723,0.997548684183703,0.965974851195224,0.967683090924262,0.0940793355450819,0.621863389774342,0.707750108334337,0.931340191477214,0.694533499132754,0.616349148825136,0.947785022687986
"PRDM1",1,0.424378616570961,0.867539705419425,0.876489585264397,0.908435381369492,0.892965424104149,0.997548684183703,0.787168352587203,0.993832368110085,0.535503233251449,0.852011361110213,0.995270277069609,0.660884042656556,0.935878546282571,0.471635376579544,0.356122879309319
"PRDM6",1,0.98408019031874,0.867483327456948,0.842626921352854,0.733334735506848,0.940909263277609,0.975501301727015,0.426052637562673,0.28198654269887,0.623308810467699,0.424342873689791,0.668832800234822,0.319694855854225,0.832737561780243,0.973538774829145,0.7105156873235
"PGR",1,0.98901792301857,0.994195381135483,0.543729720632154,0.993916578306901,0.855319942847926,0.997548684183703,0.943654032713639,0.627509378464328,0.692068547841716,0.995770616837039,0.405515370610404,0.842713930128578,0.538350289994845,0.777238934507777,0.897066278510038
"PRRX2",1,0.98408019031874,0.74627517493716,0.941656274363736,0.733334735506848,0.855319942847926,0.386882841248501,0.252571888719105,0.5413066094279,0.469203300763369,0.969345997179787,0.903117978318378,0.447739039061068,0.603209259626526,0.492899374111376,0.388897654289165
"PTF1A",1,0.956070415652464,0.995979668421687,0.969341215106646,0.993916578306901,0.996464824233207,0.822765762641407,0.943654032713639,0.793587481675396,0.945066208249229,0.686143257784258,0.9578200522078,0.850850535141029,0.579292321983199,0.56452771144956,0.74202845793304
"RARA",1,0.968030834735532,0.867483327456948,0.897996533393907,0.803405682514759,0.80513298299067,0.996223615571721,0.787168352587203,0.976083420806838,0.971920915613187,0.688934023656532,0.991556454389337,0.79830268244498,0.952785748994046,0.92403833308985,0.933903917730457
"RARG",1,0.98901792301857,0.995979668421687,0.98351757899717,0.412650696770081,0.80513298299067,0.948240188985433,0.943654032713639,0.451760660901963,0.889449943459338,0.355422493362184,0.00186418533495818,0.00844650791353226,0.00697644074438139,0.0102210211572996,0.0437153277269035
"RELB",1,0.956070415652464,0.957984213219975,0.944598748783359,0.733334735506848,0.8076856751292,0.847479244465796,0.614749322855423,0.770827872052552,0.0940793355450819,0.347384992947791,0.960165115259947,0.447739039061068,0.575099048316699,0.00995947265191928,0.0122531895580264
"REL",1,0.98408019031874,0.884322476883516,0.897996533393907,0.862259088590325,0.798621830522723,0.463645736504552,0.524667974902518,0.490672759474322,0.715037676852061,0.995770616837039,0.559722998655038,0.648899789880277,0.603209259626526,0.396822228877072,0.730086068778588
"REST",1,0.98901792301857,0.907706058762867,0.826001819357339,0.989161399373251,0.167467337653448,0.689424783821704,0.787168352587203,0.627509378464328,0.368597391297872,0.473569210209223,0.102163083840966,0.888544436620144,0.0839124787936382,0.62399644254104,0.477140470709366
"RFX1",1,0.921365829174799,0.957984213219975,0.794575276401478,0.459743901462254,0.887209166784121,0.972201941970103,0.252571888719105,0.968324573602681,0.945066208249229,0.682760068173492,0.75699935345984,0.696378821711202,0.535102476084786,0.625299487376113,0.673439271822253
"RFX2",1,0.98408019031874,0.888920226939399,0.969341215106646,0.733334735506848,0.798621830522723,0.984803457504112,0.641937712991887,0.839208245831813,0.945066208249229,0.701465666855117,0.428372967830514,0.680669330785991,0.841539339383678,0.973538774829145,0.594350584028143
"RFX3",1,0.968030834735532,0.87245937041756,0.897996533393907,0.747244863282041,0.512697119391914,0.356410218581281,0.178720328229374,0.523467456238745,0.467385217350359,0.995770616837039,0.778177415831281,0.50523824366339,0.737274888511309,0.725152523216053,0.204935292206462
"RFX5",1,0.98408019031874,0.975490501720337,0.299281049389905,0.644743720251156,0.000122439733566904,6.32115072868118e-14,8.56707935850627e-10,7.64429454600268e-07,0.00416119693259209,4.28101205565944e-05,8.57137699765326e-08,1.48618794824263e-07,3.90719969409565e-08,5.67391130316568e-08,6.85389063690795e-06
"RORA",1,0.98408019031874,0.957984213219975,0.927295265660472,0.993916578306901,0.944855728567535,0.723812856913054,0.308666034928645,0.793587481675396,0.945066208249229,0.242726975807227,0.019470351241448,0.0647697756656936,0.300849796381385,0.973538774829145,0.445023632017086
"RORG",1,0.921365829174799,0.990026176232408,0.543729720632154,0.733334735506848,0.972563991726983,0.997548684183703,0.821101403589145,0.744236491728926,0.640988692994857,0.621863389774342,0.774818591403238,0.62511177406479,0.482646423874989,0.135394806549337,0.280160567440774
"RUNX2",1,0.956070415652464,0.975490501720337,0.941656274363736,0.993916578306901,0.841927914594997,0.847479244465796,0.940920108320865,0.793587481675396,0.985262793699363,0.995770616837039,0.953138637742903,0.614611779836643,0.591460900514358,0.973538774829145,0.341780735026592
"RXRA",1,0.98901792301857,0.959885302919336,0.897996533393907,0.733334735506848,0.510686473978081,0.583376042804966,0.902780813914216,0.991105433929886,0.788655829898701,0.671720021452212,0.794502984450067,0.888544436620144,0.820303134829809,0.965957269967901,0.204935292206462
"RXRB",1,0.98408019031874,0.881885165100991,0.876489585264397,0.987060769344073,0.798621830522723,0.878031060519219,0.278685368376055,0.968324573602681,0.794581095137647,0.701465666855117,0.0933348526509485,0.00178856088948089,0.0225719259031734,0.0311537523741734,0.106126550702214
"RXRG",1,0.98901792301857,0.884322476883516,0.98351757899717,0.727760669815684,0.855900999660047,0.997548684183703,0.933870743546594,0.968324573602681,0.657003454833364,0.872782962691515,0.44950037306239,0.370519050930465,0.334639224162694,0.114828931433215,0.232414946879623
"SALL4",1,0.98408019031874,0.995979668421687,0.897996533393907,0.987060769344073,0.855900999660047,0.823952326759032,0.950853675201909,0.656579230007395,0.794581095137647,0.953803112173491,0.408786850669684,0.336802611047123,0.171168670665082,0.198119946744174,0.189684034263003
"SMAD2",1,0.908088608102977,0.944435480617529,0.897996533393907,0.733334735506848,0.855319942847926,0.765994833945443,0.943654032713639,0.991105433929886,0.807237033526619,0.969345997179787,0.408786850669684,0.977906538712378,0.35047887753578,0.108505151735231,0.388897654289165
"SMAD3",1,0.956070415652464,0.884322476883516,0.367911405274924,0.993916578306901,0.798621830522723,0.217308363043704,0.252571888719105,0.919724509259245,0.957495791557842,0.429387749708286,0.774818591403238,0.945345274124798,0.577859086372575,0.852967483850676,0.933903917730457
"SMAD4",1,0.956070415652464,0.995979668421687,0.773916786918197,0.953408194891056,0.869271272042607,0.870093453346703,0.93049404724226,0.378342581219451,0.461963836417108,0.682760068173492,0.668832800234822,0.0647697756656936,0.425579751923106,0.46673918820478,0.445023632017086
"SMCA1",1,0.620490605412984,0.74627517493716,0.700142056940799,0.733334735506848,0.994692199861803,0.997548684183703,0.943654032713639,0.967683090924262,0.855493428492284,0.981202643377675,0.952336757162288,0.187925864375162,0.538350289994845,0.852721806885993,0.655201666822069
"SMCA5",1,0.98408019031874,0.975490501720337,0.897996533393907,0.664984227205943,0.892965424104149,0.909140150534833,0.781966374593015,0.839208245831813,0.995902025679291,0.616742772159458,0.30466226223924,0.649106598936785,0.800807792056329,0.632404643662491,0.541931195699663
"SNAI1",1,0.98408019031874,0.867539705419425,0.941656274363736,0.644743720251156,0.796084627757028,0.00028086558520253,0.0779591423937206,0.0105386867489579,0.204503808522193,2.27284928941293e-07,0.00106026543260419,1.35023881691018e-05,4.27570619893531e-06,4.03319309745372e-06,0.000646119865891675
"SNAI2",1,0.98408019031874,0.867539705419425,0.842626921352854,0.733334735506848,0.510686473978081,0.12798694862028,0.102680795859543,0.0406465059145808,0.0840929207112427,0.00885978997009887,1.38884250055709e-05,4.16430215873822e-09,7.23048145574296e-07,1.90301326282272e-05,0.00205864415343867
"SOX10",1,0.98408019031874,0.867483327456948,0.941656274363736,0.952581961673043,0.931821876428736,0.792864783596881,0.412972644596959,0.793587481675396,0.850521980586148,0.719885767073661,0.707750108334337,0.996512877795686,0.160236418345159,0.337055253513906,0.112822687615452
"SOX17",1,0.956070415652464,0.881885165100991,0.941656274363736,0.900594559510192,0.798621830522723,0.997548684183703,0.943654032713639,0.967683090924262,0.737250439159189,0.87410410167155,0.774818591403238,0.996512877795686,0.59889631833101,0.554901656720707,0.993999529508541
"SOX3",1,0.620490605412984,0.995979668421687,0.773916786918197,0.80239712863734,0.86471227791892,0.373420014804868,0.29440120593636,0.366006499401121,0.72323864744636,0.325354896321874,0.836969626182373,0.229696499335671,0.705465776241956,0.474731641494684,0.577510161411821
"SOX5",1,0.620490605412984,0.995979668421687,0.960809465110998,0.733334735506848,0.841752953707863,0.723812856913054,0.26998765952564,0.115597463161057,0.608069843037292,0.501070033173229,0.627036889457279,0.655696307211205,0.957043528464301,0.973538774829145,0.0487930060458492
"SOX9",1,0.968030834735532,0.957984213219975,0.941656274363736,0.733334735506848,0.798621830522723,0.939190155874111,0.500891229203217,0.984785884452919,0.341986815162532,0.0237945765308065,0.439351755919225,0.147132497372807,0.746920535570895,0.390282689876281,0.865222419823549
"SRBP1",1,0.98408019031874,0.867483327456948,0.974158366456649,0.98140919132228,0.855319942847926,0.997548684183703,0.575661600032396,0.0185610789489403,0.835778119556565,0.448547244925099,0.952937322219401,0.958416457338643,0.813607216760173,0.436414924133024,0.993999529508541
"SRBP2",1,0.956070415652464,0.995979668421687,0.996972014100305,0.733334735506848,0.798621830522723,0.939190155874111,0.365005737647005,0.967683090924262,0.889449943459338,0.802164497853162,0.826988010401596,0.504114556327313,0.746920535570895,0.741014633816231,0.792245331861288
"SRF",1,0.956070415652464,0.957984213219975,0.842626921352854,0.758003712990534,0.86471227791892,0.847479244465796,0.345467525657424,0.485724073492787,0.562429830478057,0.812618489350783,0.775649920944856,0.614611779836643,0.482646423874989,0.158747521821952,0.132428092102795
"SRY",1,0.98408019031874,0.837688334431869,0.897996533393907,0.900594559510192,0.80513298299067,0.864684247922374,0.340565650556361,0.140894195996041,0.971920915613187,0.841003592608413,0.794502984450067,0.292851611197168,0.736065019462584,0.741014633816231,0.753552851879754
"STAT1",1,0.98408019031874,0.514384538185589,0.979940193718696,0.733334735506848,0.864477903730455,0.939190155874111,0.614749322855423,0.968324573602681,0.657003454833364,0.682760068173492,0.30466226223924,0.758336505536684,0.841539339383678,0.455452641100613,0.445023632017086
"STAT3",1,0.98408019031874,0.907706058762867,0.897996533393907,0.733334735506848,0.719786833661878,0.997548684183703,0.463889537644105,0.839208245831813,0.994100451076498,0.688934023656532,0.774818591403238,0.853560715608266,0.799846453872263,0.92783817843514,0.877833414723065
"STAT4",1,0.98408019031874,0.867483327456948,0.604668501901299,0.733334735506848,0.568027707201876,0.996223615571721,0.890500403728164,0.78681177835622,0.737250439159189,0.620755700696369,0.793595161915358,0.850850535141029,0.900561456920301,0.711744563861519,0.780593406379096
"STAT6",1,0.98901792301857,0.514384538185589,0.969341215106646,0.900594559510192,0.798621830522723,0.790912154086293,0.788997403116444,0.5413066094279,0.919390242636756,0.969345997179787,0.855623953099124,0.518408640742985,0.147867269020109,0.191594844049502,0.356122879309319
"STF1",1,0.98408019031874,0.867483327456948,0.941656274363736,0.87828639441252,0.80513298299067,0.996223615571721,0.91355018074093,0.386582973606217,0.747248464374475,0.621863389774342,0.125005891366356,0.00797784517469605,0.142809956162495,0.835870539158219,0.759798768450312
"SUH",1,0.956070415652464,0.957984213219975,0.944598748783359,0.98140919132228,0.944855728567535,0.809530902779442,0.821101403589145,0.699200485856311,0.971920915613187,0.686143257784258,0.774818591403238,0.958416457338643,0.847309468352854,0.908698855608726,0.639466489113123
"TAF1",1,0.956070415652464,0.867483327456948,0.969341215106646,0.733334735506848,0.798621830522723,0.878031060519219,0.975474083264976,0.559163862738566,0.850521980586148,0.719885767073661,0.480554285491716,0.504114556327313,0.490918367249958,0.185773173521307,0.533366332323402
"TBP",1,0.968030834735532,0.995979668421687,0.418769534748933,0.872348411505346,0.798621830522723,0.492216311608825,0.940920108320865,0.977151021007088,0.365515446214174,0.604217335390848,0.707750108334337,0.39272734116828,0.134286465569551,0.232496819976338,0.134368126145337
"TBX21",1,0.956070415652464,0.995979668421687,0.367911405274924,0.977043164468442,0.798621830522723,0.847479244465796,0.308666034928645,0.150231239133301,0.204503808522193,0.205407819971602,0.663077324674104,0.212677883822291,0.285704871946673,0.158747521821952,0.106126550702214
"TBX3",1,0.956070415652464,0.995979668421687,0.941656274363736,0.9273464399044,0.544474505413746,0.375240733197395,0.634189470019497,0.27302292895367,0.623308810467699,0.731844956501798,0.952937322219401,0.696378821711202,0.538350289994845,0.741014633816231,0.918649113774116
"TCF7",1,0.88900335849659,0.957984213219975,0.915668284852467,0.644743720251156,0.987559845285666,0.823952326759032,0.943654032713639,0.991105433929886,0.372675472133715,0.896229938683953,0.774818591403238,0.745294570024485,0.59889631833101,0.88241855255025,0.987435407413775
"TF65",1,0.956070415652464,0.905473091465184,0.941656274363736,0.930727750508538,0.838618887217342,0.733940503893952,0.91835206385563,0.78204305974593,0.368597391297872,0.995770616837039,0.774818591403238,0.685562036095785,0.956540666937897,0.949487503041785,0.577510161411821
"TFAP4",1,0.692255861976792,0.862954748318271,0.995120613838612,0.98140919132228,0.8076856751292,0.878031060519219,0.867302954291597,0.839208245831813,0.799091219913351,0.896229938683953,0.793595161915358,0.91646536509325,0.596622882722601,0.965957269967901,0.90710160445575
"TFEB",1,0.945947455706511,0.87245937041756,0.98351757899717,0.733334735506848,0.837033556510161,0.966033772653127,0.232546734706986,0.793587481675396,0.825260704507788,0.896229938683953,0.707750108334337,0.787957756339085,0.959913162238006,0.62399644254104,0.541931195699663
"TGIF1",1,0.98408019031874,0.867483327456948,0.794575276401478,0.733334735506848,0.972563991726983,0.996223615571721,0.943654032713639,0.764317894934098,0.623308810467699,0.841003592608413,0.321778361993461,0.655696307211205,0.579292321983199,0.368780022124672,0.581640387009491
"THAP1",1,0.956070415652464,0.881885165100991,0.98351757899717,0.733334735506848,0.712969512021385,0.445114670022449,0.022659674363114,0.769045503099491,0.335896028409336,0.604217335390848,0.957369050411103,0.35795008047244,0.939527212790743,0.986855104002351,0.2468221024235
"THRA",1,0.424378616570961,0.867483327456948,0.700142056940799,0.993916578306901,0.940909263277609,0.809530902779442,0.665067051912309,0.233202723289995,0.895678023339082,0.396527178254448,0.0691657511439121,0.171016522811261,0.0998790667294587,0.755995479199122,0.125842899849788
"THRB",1,0.98408019031874,0.837688334431869,0.367911405274924,0.993916578306901,0.944855728567535,0.463645736504552,0.401534091929191,0.629843727557052,0.774794647338626,0.406020263851757,0.246404603483123,0.945345274124798,0.579292321983199,0.399914120901145,0.570068570644089
"TWIST1",1,0.98408019031874,0.867483327456948,0.897996533393907,0.993916578306901,0.944855728567535,0.139314969153548,0.412972644596959,0.196639134875435,0.902382575693445,0.0294805323747368,0.022867155359711,0.0261173517605672,0.0721146277014753,0.0554931159402044,0.683995988700878
"TYY1",1,0.98408019031874,0.971515465217869,0.941656274363736,0.98140919132228,0.50589962166328,0.203016789871394,0.00281990010596958,0.5413066094279,0.971920915613187,0.473569210209223,0.2292954501844,0.147636231956846,0.142809956162495,0.0774980910804135,0.0103351440346518
"VDR",1,0.98901792301857,0.514384538185589,0.941656274363736,0.999395563012901,0.798621830522723,0.723812856913054,0.30224711930444,0.763217465567783,0.467385217350359,0.499500020095195,0.774818591403238,0.375608942136071,0.802418234609653,0.191594844049502,0.566119404787538
"Z324A",1,0.98408019031874,0.837688334431869,0.941656274363736,0.987060769344073,0.965327030725155,0.939190155874111,0.943654032713639,0.905177171840164,0.985262793699363,0.682760068173492,0.636528815781239,0.506470560409541,0.897776882892286,0.973538774829145,0.991147831415329
"Z354A",1,0.98408019031874,0.884322476883516,0.990804785609532,0.999395563012901,0.510686473978081,0.847479244465796,0.963242482192413,0.568601436796442,0.794581095137647,0.972601912213401,0.893372962679273,0.62511177406479,0.903526685895267,0.541773396481807,0.639466489113123
"ZBT14",1,0.956070415652464,0.975490501720337,0.897996533393907,0.644743720251156,0.568027707201876,0.723812856913054,0.475479121248412,0.350359627197867,0.287162919603715,0.242726975807227,0.157389463727601,0.0121841542269193,0.120850227465571,0.103528276909254,0.265920499016575
"ZBT18",1,0.930157063954196,0.975490501720337,0.941656274363736,0.764540810544098,0.659227688282296,0.847479244465796,0.86987666253253,0.0270411618046556,0.61919185682642,0.604217335390848,0.750222687428199,0.649106598936785,0.147867269020109,0.213495792803978,0.523885916280417
"ZBT48",1,0.945947455706511,0.957984213219975,0.543729720632154,0.98140919132228,0.940998845280553,0.723812856913054,0.641937712991887,0.836877795252082,0.957495791557842,0.834052428495569,0.0546424465907226,0.440485267709249,0.355445786959583,0.0203894753161991,0.134368126145337
"ZBT7A",1,0.98408019031874,0.957984213219975,0.941656274363736,0.993916578306901,0.972563991726983,0.921970537494326,0.641937712991887,0.629843727557052,0.204503808522193,0.425936442485995,0.756551467274209,0.202082478522468,0.549134565549813,0.788787486494853,0.217754946143712
"ZBTB6",1,0.98408019031874,0.514384538185589,0.978559009105646,0.993916578306901,0.763326304625304,0.955054566377141,0.943654032713639,0.298088559647118,0.957495791557842,0.925370926814813,0.952937322219401,0.192775497437851,0.929458013328233,0.973538774829145,0.918649113774116
"ZEB1",1,0.98408019031874,0.867483327456948,0.98351757899717,0.733334735506848,1.06896755317075e-06,9.52325836773744e-08,1.44216818556595e-06,5.73109324061618e-13,1.14107122333782e-11,7.91606111348633e-18,6.67020409764526e-37,1.93870496050671e-36,3.7315291238539e-36,7.62909074221013e-43,1.0126247784549e-50
"ZFP28",1,0.98408019031874,0.867539705419425,0.941656274363736,0.900594559510192,0.8076856751292,0.416138599035091,0.552427636775113,0.360842913651841,0.563648425096119,0.622323365346666,0.428372967830514,0.652916742273549,0.0933534493704492,0.486940332006091,0.0117140664429781
"ZFP42",1,0.98408019031874,0.884322476883516,0.897996533393907,0.993916578306901,0.510686473978081,0.809530902779442,0.670762912860424,0.419296399546592,0.788655829898701,0.995770616837039,0.592562828687765,0.956488507808413,0.800807792056329,0.865812272942562,0.865222419823549
"ZFP82",1,0.956070415652464,0.908971932377179,0.842626921352854,0.733334735506848,0.167467337653448,0.733940503893952,0.428845391825568,0.692940932766593,0.69145549353332,0.966118388154502,0.0284575196042659,0.107964712546031,0.0704273624533579,0.475111050157573,0.260457266915819
"ZFX",1,0.98408019031874,0.944435480617529,0.941656274363736,0.733334735506848,0.80513298299067,0.723812856913054,0.950853675201909,0.556547220504251,0.553150414832028,0.499500020095195,0.0108962976149418,0.0128109395856269,0.0768928852327739,0.0101906725682625,0.633879775368471
"ZIC1",1,0.991961997819797,0.514384538185589,0.941656274363736,0.733334735506848,0.659227688282296,0.733940503893952,0.312037815124139,0.622462172896108,0.737250439159189,0.51132942301941,0.774818591403238,0.873226844037808,0.59557548125397,0.793021056300627,0.835184235741696
"ZIC3",1,0.98408019031874,0.975490501720337,0.678006008955235,0.664984227205943,0.391740419770965,0.0820552680392851,0.252571888719105,0.415967933643912,0.0940793355450819,0.223503906554133,0.408786850669684,0.254226405000583,0.482646423874989,0.0604757380304999,0.269938789363271
"ZIM3",1,0.98408019031874,0.884322476883516,0.98351757899717,0.644743720251156,0.841752953707863,0.809530902779442,0.252571888719105,0.610812651650559,0.799091219913351,0.969345997179787,0.567383177783614,0.383509297179764,0.820303134829809,0.808735313149366,0.965118742111186
"ZKSC1",1,0.956070415652464,0.995979668421687,0.897996533393907,0.98140919132228,0.8076856751292,0.972201941970103,0.943654032713639,0.550706433583816,0.985262793699363,0.783896223275347,0.636528815781239,0.931340191477214,0.897776882892286,0.850916658297054,0.711831264997723
"ZN121",1,0.956070415652464,0.907706058762867,0.969341215106646,0.664984227205943,0.855319942847926,0.884770229706524,0.634189470019497,0.967683090924262,0.623308810467699,0.733755343997879,0.193606498640236,0.440485267709249,0.591460900514358,0.798726618542386,0.577510161411821
"ZN134",1,0.991961997819797,0.837688334431869,0.993904876499752,0.900594559510192,0.719786833661878,0.809530902779442,0.943654032713639,0.532053617334861,0.945066208249229,0.999268525585567,0.775649920944856,0.660884042656556,0.907213212278091,0.67483483666608,0.673439271822253
"ZN136",1,0.956070415652464,0.994195381135483,0.478045535910996,0.999395563012901,0.3862574302493,0.416138599035091,0.95244267586942,0.14302722767657,0.72323864744636,0.789039470915498,0.707750108334337,0.399853461719665,0.887652321201802,0.973538774829145,0.294502056702801
"ZN140",1,0.620490605412984,0.867539705419425,0.787261761106476,0.862259088590325,0.506226042199333,0.356410218581281,0.94239308046507,0.627509378464328,0.930177390062359,0.429387749708286,0.32071158730987,0.819358638806081,0.844049827356056,0.533118032835154,0.730086068778588
"ZN214",1,0.98901792301857,0.837688334431869,0.915668284852467,0.993916578306901,0.887209166784121,0.806668890419986,0.688852268412938,0.386582973606217,0.46923108048539,0.571337714739779,0.766034103720368,0.975648770386433,0.8937654298592,0.554901656720707,0.665197389775481
"ZN250",1,0.620490605412984,0.994195381135483,0.826001819357339,0.998938151374759,0.841752953707863,0.676801454763168,0.308666034928645,0.507100585649029,0.945066208249229,0.604217335390848,0.774818591403238,0.202082478522468,0.14456360366032,0.146958837594509,0.702165886609068
"ZN257",1,0.956070415652464,0.990026176232408,0.945442400900936,0.828084800539069,0.864054674262902,0.939190155874111,0.475479121248412,0.768843627870371,0.957495791557842,0.888159821534956,0.78881055037649,0.945345274124798,0.220308781682399,0.674057198698241,0.253907412329016
"ZN260",1,0.98408019031874,0.907706058762867,0.941656274363736,0.999395563012901,0.544474505413746,0.902690097973256,0.77105070005557,0.627509378464328,0.204503808522193,0.701465666855117,0.774818591403238,0.958416457338643,0.847309468352854,0.682785935326649,0.474282144292222
"ZN264",1,0.956070415652464,0.957984213219975,0.700142056940799,0.993916578306901,0.994692199861803,0.314461281812393,0.539418846831018,0.919724509259245,0.220077192147254,0.110279384903053,0.30466226223924,0.432970220071766,0.686582150778127,0.0604757380304999,0.312199134250099
"ZN274",1,0.98408019031874,0.881885165100991,0.700142056940799,0.9273464399044,0.994692199861803,0.823989128971683,0.385738322338705,0.627509378464328,0.814796538915839,0.983037411826462,0.774818591403238,0.945345274124798,0.430962130277727,0.232496819976338,0.710690333227892
"ZN317",1,0.98408019031874,0.994195381135483,0.90750254647019,0.733334735506848,0.798621830522723,0.527160766624509,0.848145514390106,0.536955388415153,0.838379993737801,0.0065808358445496,0.408786850669684,0.00331240896511835,0.176467613138724,0.0413384735072743,0.0379862873155345
"ZN320",1,0.98408019031874,0.994195381135483,0.979940193718696,0.733334735506848,0.798621830522723,0.984803457504112,0.475479121248412,0.748073488117883,0.975449337774061,0.974661806422853,0.756551467274209,0.387357404441356,0.909446918760775,0.870164428968331,0.0683769964359077
"ZN322",1,0.956070415652464,0.514384538185589,0.969341215106646,0.993916578306901,0.944855728567535,0.809530902779442,0.943654032713639,0.784787735659326,0.737250439159189,0.888207341176827,0.891533716317549,0.696378821711202,0.614676633263544,0.92783817843514,0.53540866733545
"ZN329",1,0.98901792301857,0.84888806200528,0.944598748783359,0.898174877589122,0.86471227791892,0.717155787316056,0.227836875081482,0.770827872052552,0.938774495843716,0.242726975807227,0.18905379071257,0.507007038546596,0.284852104516412,0.06654276199802,0.0683769964359077
"ZN331",1,0.968030834735532,0.881885165100991,0.842626921352854,0.733334735506848,0.194154891929719,0.847479244465796,0.803570271008156,0.107944590568824,0.69145549353332,0.92117663650295,0.683999774349764,0.737016131033037,0.503444737058864,0.295377056488282,0.400850006747674
"ZN335",1,0.956070415652464,0.995979668421687,0.941656274363736,0.93592192087728,0.907301038330577,0.445114670022449,0.943654032713639,0.661600356239575,0.414689498188636,0.420040471705373,0.707750108334337,0.779544958480311,0.800807792056329,0.348827822593311,0.788894880920092
"ZN350",1,0.956070415652464,0.957984213219975,0.897996533393907,0.733334735506848,0.798621830522723,0.939723592768477,0.971183474556584,0.770827872052552,0.533919317633741,0.133046173155963,0.827643528601,0.945345274124798,0.887652321201802,0.718779588835299,0.764986565364941
"ZN382",1,0.98901792301857,0.975490501720337,0.767629227867595,0.900594559510192,0.798621830522723,0.809530902779442,0.195617455182675,0.968324573602681,0.945066208249229,0.896229938683953,0.627036889457279,0.958416457338643,0.598181273082961,0.973538774829145,0.0857368279762488
"ZN384",1,0.956070415652464,0.975490501720337,0.739071490693691,0.993916578306901,0.972563991726983,0.492216311608825,0.659500116544707,0.991105433929886,0.971920915613187,0.969345997179787,0.636528815781239,0.945345274124798,0.725699515951722,0.718779588835299,0.830469177451588
"ZN394",1,0.98901792301857,0.957984213219975,0.787261761106476,0.733334735506848,0.798621830522723,0.416138599035091,0.943654032713639,0.5413066094279,0.754664242187023,0.088752556988374,0.428671906093501,0.137183263681918,0.351890223122765,0.412351627315722,0.112822687615452
"ZN418",1,0.424378616570961,0.957984213219975,0.98351757899717,0.733334735506848,0.994692199861803,0.996223615571721,0.86987666253253,0.764317894934098,0.985262793699363,0.896229938683953,0.279607545387435,0.281966932934583,0.161867290517054,0.486940332006091,0.994502967945803
"ZN436",1,0.956070415652464,0.957984213219975,0.98351757899717,0.993916578306901,0.838618887217342,0.342894936321931,0.943654032713639,0.769045503099491,0.945066208249229,0.604217335390848,0.756551467274209,0.928017024943214,0.709277260604932,0.635017479187538,0.7105156873235
"ZN449",1,0.991961997819797,0.867539705419425,0.897996533393907,0.733334735506848,0.80513298299067,0.990154813203207,0.943654032713639,0.991105433929886,0.794581095137647,0.420040471705373,0.794502984450067,0.945345274124798,0.990022849958241,0.450207948319556,0.865222419823549
"ZN490",1,0.968030834735532,0.881885165100991,0.842626921352854,0.733334735506848,0.798621830522723,0.902690097973256,0.974086148675741,0.926027269335031,0.668088996482534,0.51132942301941,0.557655626737598,0.866205051259599,0.929458013328233,0.965957269967901,0.655201666822069
"ZN502",1,0.98408019031874,0.867483327456948,0.941656274363736,0.733334735506848,0.796084627757028,0.996223615571721,0.943654032713639,0.783899195393508,0.945066208249229,0.420040471705373,0.298516868818605,0.680669330785991,0.900561456920301,0.103528276909254,0.474282144292222
"ZN528",1,0.956070415652464,0.905473091465184,0.555187157920139,0.644743720251156,0.21109318115852,0.445114670022449,0.575661600032396,0.451760660901963,0.993222116479715,0.604217335390848,0.709481376549307,0.945345274124798,0.724381221006012,0.348827822593311,0.690058291648992
"ZN547",1,0.956070415652464,0.957984213219975,0.897996533393907,0.733334735506848,0.994692199861803,0.990154813203207,0.943654032713639,0.531422385184886,0.285698811130546,0.899238734600025,0.836969626182373,0.945345274124798,0.712620600097423,0.755995479199122,0.963570083991687
"ZN549",1,0.98901792301857,0.867483327456948,0.720206467159098,0.993916578306901,0.987559845285666,0.854935890157462,0.178720328229374,0.793587481675396,0.737250439159189,0.621863389774342,0.707750108334337,0.116039980428348,0.0700477241758023,0.021198656640574,0.00439972032983244
"ZN554",1,0.98408019031874,0.74627517493716,0.299281049389905,0.733334735506848,0.566116520784298,0.847479244465796,0.93292386011191,0.559163862738566,0.553150414832028,0.961503524399844,0.775649920944856,0.52291637988113,0.844049827356056,0.92019197223435,0.946688438664412
"ZN563",1,0.956070415652464,0.837688334431869,0.944598748783359,0.733334735506848,0.996464824233207,0.966785118869961,0.943654032713639,0.473162248706432,0.980867966841765,0.294434347682413,0.680494428370042,0.59876029692654,0.841539339383678,0.970841067427628,0.826523741936761
"ZN582",1,0.945947455706511,0.995979668421687,0.941656274363736,0.664984227205943,0.892965424104149,0.939190155874111,0.916780621868284,0.770827872052552,0.805497180737416,0.995770616837039,0.408786850669684,0.192775497437851,0.557359927750895,0.462038124903745,0.913582801422338
"ZN586",1,0.99396207844036,0.867539705419425,0.98351757899717,0.993916578306901,0.798621830522723,0.451419966280274,0.428845391825568,0.419296399546592,0.875364466012738,0.87410410167155,0.811676138236992,0.212677883822291,0.447628118730995,0.479619437753293,0.639466489113123
"ZN667",1,0.991961997819797,0.881885165100991,0.897996533393907,0.644743720251156,0.80513298299067,0.847479244465796,0.969480992691072,0.507100585649029,0.320689419836588,0.969345997179787,0.774818591403238,0.956488507808413,0.939527212790743,0.973538774829145,0.730086068778588
"ZN680",1,0.956070415652464,0.867483327456948,0.897996533393907,0.993916578306901,0.707225665313695,0.955399119321446,0.943654032713639,0.973817120907385,0.696676648340217,0.719885767073661,0.480554285491716,0.869661159184728,0.897776882892286,0.595689227785397,0.654815631199807
"ZN708",1,0.956070415652464,0.867483327456948,0.944598748783359,0.873141445082531,0.8076856751292,0.999075208984906,0.943654032713639,0.793587481675396,0.533919317633741,0.429387749708286,0.627036889457279,0.500632122123714,0.725699515951722,0.625299487376113,0.872473102702265
"ZN768",1,0.98901792301857,0.995979668421687,0.98351757899717,0.733334735506848,0.869271272042607,0.773191775924943,0.420270450989899,0.649141064562685,0.5332664042448,0.716920905624798,0.327095334244432,0.399853461719665,0.800807792056329,0.718779588835299,0.306662944190577
"ZN770",1,0.831343693184327,0.995979668421687,0.897996533393907,0.733334735506848,0.919096356552713,0.847479244465796,0.991836946184334,0.934432815606721,0.737250439159189,0.689940594250117,0.327095334244432,0.361742921600927,0.11028522695325,0.149932522214343,0.933903917730457
"ZN816",1,0.98408019031874,0.957984213219975,0.944598748783359,0.993916578306901,0.901143796410691,0.999984721358412,0.787168352587203,0.956184178736609,0.435777574787077,0.995770616837039,0.498312004398202,0.899264574153588,0.909446918760775,0.311756772776562,0.865222419823549
"ZNF18",1,0.98408019031874,0.837688334431869,0.98351757899717,0.733334735506848,0.838618887217342,0.417069016430526,0.950853675201909,0.612495779895392,0.696676648340217,0.215262621508848,0.804530281744884,0.673325286236796,0.715881116248814,0.803418830637204,0.98057686705585
"ZNF41",1,0.956070415652464,0.990026176232408,0.842626921352854,0.733334735506848,0.798621830522723,0.723812856913054,0.232546734706986,0.701449061078159,0.980867966841765,0.995770616837039,0.774818591403238,0.560411213717787,0.490918367249958,0.823570246778626,0.865222419823549
"ZNF76",1,0.98408019031874,0.881885165100991,0.993106842715202,0.733334735506848,0.510686473978081,0.375240733197395,0.575706857590651,0.473162248706432,0.8244433982537,0.701465666855117,0.480554285491716,0.383509297179764,0.288663658178496,0.995018613012009,0.327174479584795
"ZNF85",1,0.956070415652464,0.944435480617529,0.0457915102446174,0.993916578306901,0.979494935232155,0.445114670022449,0.943654032713639,0.556547220504251,0.980867966841765,0.645471644400739,0.129364511731786,0.193556950900024,0.0190089957571126,0.114828931433215,0.028402597996659
"ZNF8",1,0.620490605412984,0.995979668421687,0.958772662840684,0.993916578306901,0.939926973152521,0.545354642202678,0.153035055764733,0.793587481675396,0.957495791557842,0.983037411826462,0.798347583044092,0.910861167480751,0.900561456920301,0.629322673229638,0.445023632017086
"ZSC22",1,0.98408019031874,0.907706058762867,0.543729720632154,0.993916578306901,0.510686473978081,0.996223615571721,0.475479121248412,0.17628491875798,0.957495791557842,0.294434347682413,0.519595325214853,0.888544436620144,0.980437282530215,0.88241855255025,0.406297826575969
"ZSC31",1,0.98408019031874,0.914940762409172,0.969341215106646,0.993916578306901,0.796084627757028,0.996223615571721,0.506333821398429,0.386582973606217,0.945066208249229,0.420040471705373,0.680494428370042,0.317419817858357,0.0933534493704492,0.625299487376113,0.310669194551016
"TFGroup_1",1,0.956070415652464,0.870232058749515,0.98351757899717,0.733334735506848,0.183190510509594,0.193426728629219,0.00206263531636631,0.16919273490397,0.00190054097314597,1.56120366356474e-09,2.61559182743958e-05,2.22685806317639e-10,1.2622989100292e-05,6.21788535800213e-10,2.37187334525856e-11
"TFGroup_2",1,0.98901792301857,0.957984213219975,0.941656274363736,0.993916578306901,0.80513298299067,0.996223615571721,0.943654032713639,0.979379813202622,0.994100451076498,0.457713262178358,0.826988010401596,0.989135268440913,0.372786554349042,0.37603330007984,0.445023632017086
"TFGroup_3",1,0.98408019031874,0.957984213219975,0.2021805372467,0.733334735506848,0.798621830522723,0.373420014804868,0.156781554926587,0.141754965017005,0.285698811130546,0.494920583905093,0.613014676050466,0.873179844359569,0.897776882892286,0.71095175576725,0.830469177451588
"TFGroup_4",1,0.956070415652464,0.944435480617529,0.367911405274924,0.758003712990534,0.971193614424386,0.203016789871394,0.232546734706986,0.000600979957395746,0.175344636286978,0.420040471705373,0.0119046720585125,0.120760879838726,0.218460666294504,0.17873521209804,0.673439271822253
"TFGroup_5",1,0.956070415652464,0.975490501720337,0.941656274363736,0.733334735506848,0.00156382251086585,2.89509444454808e-05,0.00105506369992048,1.88734625886114e-05,0.000911245387674996,2.49216788932924e-14,5.28050584863643e-21,5.5205080425098e-15,4.32056073245232e-14,4.32570946343717e-15,5.8810233897752e-33
"TFGroup_6",1,0.956070415652464,0.867539705419425,0.941656274363736,0.459743901462254,0.719786833661878,0.445114670022449,0.943654032713639,0.299287785000363,0.410287878564241,0.694153308462698,0.774818591403238,0.996512877795686,0.9639246702758,0.908678820365598,0.859765247997727
"TFGroup_7",1,0.98901792301857,0.884322476883516,0.367911405274924,0.993916578306901,0.539063237997371,0.990154813203207,0.943654032713639,0.371630104044521,0.399201365870202,0.671720021452212,0.408786850669684,0.0121841542269193,0.440020843136589,0.349234627142444,0.187723474551778
"TFGroup_8",1,0.956070415652464,0.837688334431869,0.0457915102446174,0.644743720251156,0.21109318115852,0.12798694862028,0.30224711930444,0.0154339776733151,0.5332664042448,0.0150808417947011,1.17830320753268e-06,2.00263786099283e-05,4.70570689517423e-10,2.138088444739e-11,5.71354426674889e-07
"TFGroup_9",1,0.968030834735532,0.837688334431869,0.854435445081281,0.412650696770081,0.510686473978081,0.999075208984906,0.94239308046507,0.053314802864654,0.623308810467699,0.969345997179787,0.891533716317549,0.505261582324773,0.598181273082961,0.965957269967901,0.666232579576105
"TFGroup_10",1,0.98408019031874,0.867483327456948,0.367911405274924,0.459743901462254,0.798621830522723,0.0797890426608617,0.195617455182675,0.080860474940164,0.360684213779894,0.995770616837039,0.651654763741341,0.212677883822291,0.154905720741593,0.00205628957058708,7.08029682537525e-06
"TFGroup_11",1,0.98408019031874,0.975490501720337,0.773916786918197,0.999395563012901,0.0357314117496351,0.0803219000924493,0.783580347934373,0.338101909690139,0.368597391297872,0.294434347682413,0.279607545387435,0.0955598502808885,0.175161608697799,0.001448444092784,0.0879622149096
"TFGroup_12",1,0.985172009251701,0.975490501720337,0.969341215106646,0.733334735506848,0.864054674262902,0.445114670022449,0.195617455182675,0.289518020566419,0.612087497382006,0.622323365346666,0.944497368331228,0.52291637988113,0.8554683686018,0.754620943796631,0.55565954374078
"TFGroup_13",1,0.98408019031874,0.995979668421687,0.555187157920139,0.993916578306901,0.503017765977976,0.854935890157462,0.40106578721374,0.991105433929886,0.971920915613187,0.983037411826462,0.727224245054655,0.910861167480751,0.33983612095691,0.758721569247162,0.764986565364941
"TFGroup_14",1,0.956070415652464,0.867539705419425,0.543729720632154,0.953408194891056,0.798621830522723,0.809530902779442,0.787168352587203,0.141126847434694,0.319328612942423,5.12818657516628e-07,5.73111975434282e-28,1.81150167956442e-17,3.13744285159589e-34,1.96547241356155e-30,3.48446268605756e-57
"TFGroup_15",1,0.991961997819797,0.881885165100991,0.832303475505148,0.733334735506848,0.510686473978081,0.0589023857396533,0.0143042567160117,0.00454637864763175,0.122125897875296,0.329376088168314,0.00180952455754732,0.00331240896511835,0.00200898243520404,0.001448444092784,2.51204008377472e-05
"TFGroup_16",1,0.98408019031874,0.957984213219975,0.993904876499752,0.644743720251156,0.528799726868407,0.884770229706524,0.634794786441772,0.919724509259245,0.87212797865343,0.701465666855117,0.555386289335447,0.379850976463476,0.20476400588662,0.0341612096257684,0.109564400117288
"TFGroup_17",1,0.956070415652464,0.908971932377179,0.752772611817925,0.733334735506848,0.864054674262902,0.794542554537397,0.943654032713639,0.610812651650559,0.980867966841765,0.983037411826462,0.756551467274209,0.975648770386433,0.956540666937897,0.441274711638992,0.577510161411821
"TFGroup_18",1,0.98901792301857,0.837688334431869,0.969341215106646,0.748722096316313,0.326486020489991,0.00240598149017055,0.00105506369992048,0.0270411618046556,0.0112127300405889,3.80238901110796e-09,1.25307913810062e-12,7.71738308368427e-13,1.61642501519431e-09,9.53542500411837e-09,1.5616409666631e-12
"TFGroup_19",1,0.956070415652464,0.995979668421687,0.944598748783359,0.993916578306901,0.437941886776452,0.619188826381109,0.166306409581401,0.0839421680918496,0.846678730573623,0.767487969185339,0.944497368331228,0.945345274124798,0.538350289994845,0.468718808745634,0.74202845793304
"TFGroup_20",1,0.98901792301857,0.867539705419425,0.897996533393907,0.999395563012901,0.00510844909490782,0.000236706341209249,5.97816827468036e-06,2.52116176714463e-08,0.0484178342685175,1.200146249081e-07,2.51697184337346e-21,2.18193093804712e-23,7.78997341480879e-19,1.54835685475859e-26,3.28534330295398e-19
"TFGroup_21",1,0.98408019031874,0.867483327456948,0.842626921352854,0.9273464399044,0.838618887217342,0.939723592768477,0.943654032713639,0.793587481675396,0.908591298073526,0.812618489350783,0.75699935345984,0.504114556327313,0.709277260604932,0.649257095891722,0.312199134250099
"TFGroup_22",1,0.968030834735532,0.74627517493716,0.2021805372467,0.898174877589122,0.707225665313695,0.717155787316056,0.670689964379489,0.0611535622781945,0.696676648340217,0.896229938683953,0.480554285491716,0.945345274124798,0.62553217952441,0.204837493398497,0.859765247997727
"TFGroup_23",1,0.98901792301857,0.995979668421687,0.752772611817925,0.733334735506848,0.798621830522723,0.939190155874111,0.943654032713639,0.556547220504251,0.945066208249229,0.686991437063451,0.925032734430443,0.899264574153588,0.288663658178496,0.554901656720707,0.859765247997727
"TFGroup_24",1,0.98408019031874,0.988726630191498,0.752772611817925,0.908435381369492,0.3862574302493,0.996223615571721,0.943654032713639,0.79148138862432,0.799091219913351,0.686991437063451,0.327095334244432,0.202082478522468,0.686582150778127,0.594539943952826,0.229538842333579
"TFGroup_25",1,0.956070415652464,0.892205009863106,0.752772611817925,0.98140919132228,0.806822566439147,0.939190155874111,0.821101403589145,0.970346397053414,0.640988692994857,0.719885767073661,0.913499608215472,0.976254219327517,0.952785748994046,0.683489219212218,0.865222419823549
"TFGroup_26",1,0.98408019031874,0.995979668421687,0.897996533393907,0.862259088590325,0.987559845285666,0.342894936321931,0.0512417233575709,0.156348050369783,0.623308810467699,0.359318765630749,0.0404027336856297,0.110896785979019,0.430962130277727,0.204837493398497,0.260115692418523
"TFGroup_27",1,0.956070415652464,0.867483327456948,0.941656274363736,0.993916578306901,0.838618887217342,0.760178254429453,0.934809616866531,0.366006499401121,0.975449337774061,0.955380650902727,0.774818591403238,0.787957756339085,0.353892838462196,0.371600559771507,0.825510456334452
"TFGroup_28",1,0.98408019031874,0.867483327456948,0.974158366456649,0.999395563012901,0.798621830522723,0.847479244465796,0.943654032713639,0.770827872052552,0.799091219913351,0.93162891831219,0.968099588580202,0.506470560409541,0.900561456920301,0.468320777705948,0.639466489113123
"TFGroup_29",1,0.98901792301857,0.957984213219975,0.842626921352854,0.999395563012901,0.841752953707863,0.499850451293934,0.659500116544707,0.556547220504251,0.995902025679291,0.794529726422835,0.774818591403238,0.79830268244498,0.8937654298592,0.541773396481807,0.89021238793174
"TFGroup_30",1,0.98408019031874,0.884322476883516,0.897996533393907,0.733334735506848,0.994692199861803,0.847479244465796,0.91835206385563,0.919724509259245,0.623308810467699,0.347384992947791,0.589088085779387,0.853560715608266,0.887652321201802,0.633243736874222,0.639466489113123
"TFGroup_31",1,0.956070415652464,0.867483327456948,0.903665200020009,0.733334735506848,0.0318324895349747,0.445114670022449,0.614749322855423,0.559163862738566,0.895678023339082,0.420040471705373,0.0831781207138731,0.787957756339085,0.244619162896686,0.165924773819535,0.625655422948204
"TFGroup_32",1,0.975439793664328,0.957984213219975,0.773916786918197,0.999948345333307,0.939926973152521,0.996223615571721,0.943654032713639,0.586917485167954,0.0569683115242989,0.507661815348165,0.775649920944856,0.928017024943214,0.686582150778127,0.993642207719237,0.933903917730457
"TFGroup_33",1,0.908088608102977,0.881885165100991,0.941656274363736,0.747244863282041,0.80513298299067,0.689424783821704,0.178720328229374,0.627509378464328,0.20241835659472,0.420040471705373,0.159342841805977,0.317419817858357,0.161867290517054,0.617523873531534,0.0857368279762488
"TFGroup_34",1,0.98901792301857,0.995979668421687,0.787261761106476,0.733334735506848,0.80513298299067,0.371962827864487,0.787168352587203,0.656579230007395,0.980867966841765,0.969345997179787,0.775649920944856,0.319694855854225,0.929458013328233,0.594539943952826,0.388897654289165
"TFGroup_35",1,0.98408019031874,0.957984213219975,0.700142056940799,0.948455815111829,0.00368609287809268,0.193426728629219,0.0559781156599287,0.141126847434694,0.00214326009532689,0.0190726866061632,0.000657814108285528,0.0398568425785543,0.00938665573807181,0.0119601074542756,1.13827721309099e-06
"TFGroup_36",1,0.956070415652464,0.867483327456948,0.39158661218194,0.993916578306901,0.80513298299067,0.847479244465796,0.195617455182675,0.28198654269887,0.533919317633741,0.688934023656532,0.9578200522078,0.928017024943214,0.35047887753578,0.674057198698241,0.323385990115063
"TFGroup_37",1,0.98408019031874,0.995979668421687,0.367911405274924,0.733334735506848,0.8076856751292,0.225926017851115,0.943654032713639,0.642372084239358,0.794581095137647,0.738304311647858,0.384780312466431,0.869514861062457,0.952785748994046,0.629410169116442,0.594350584028143
"TFGroup_38",1,0.956070415652464,0.995979668421687,0.941656274363736,0.733334735506848,0.944855728567535,0.915935005466757,0.943654032713639,0.764317894934098,0.737250439159189,0.865723858824038,0.913499608215472,0.958416457338643,0.971365871723619,0.754620943796631,0.753552851879754
"TFGroup_39",1,0.98901792301857,0.821653461488438,0.561375663123543,0.644743720251156,0.798621830522723,0.823952326759032,0.104324956300326,0.0201827659188467,0.629235520198645,0.649909233220293,0.827686858262114,0.202082478522468,0.175161608697799,0.396822228877072,0.613136087218733
"TFGroup_40",1,0.98408019031874,0.975490501720337,0.941656274363736,0.747244863282041,0.838618887217342,0.463645736504552,0.475479121248412,0.419296399546592,0.400337856774689,0.334001621505483,0.627036889457279,0.383509297179764,0.00977537487936337,0.0554931159402044,0.613136087218733
"TFGroup_41",1,0.98408019031874,0.975490501720337,0.98351757899717,0.987060769344073,0.502358557143398,0.445114670022449,0.575661600032396,0.960593660014213,0.696676648340217,0.753019333318208,0.925032734430443,0.387581804586147,0.598181273082961,0.741014633816231,0.710690333227892
