"TF","trend","maxAbsCoef","nSigSeg"
"ZEB1",0.96,0.242,11
"TFGroup_1",0.94,0.105,8
"SNAI2",0.93,0.134,8
"TFGroup_18",0.89,0.194,10
"TFGroup_15",0.88,0.067,8
"TFGroup_20",0.88,0.188,11
"GRHL2",0.86,0.368,8
"TFGroup_14",0.86,0.266,6
"AIRE",0.84,0.048,0
"AR",0.83,0.04,2
"HXA13",0.83,0.055,0
"RXRG",0.82,0.054,0
"SNAI1",0.81,0.094,9
"TFGroup_35",0.8,0.095,9
"HIC1",0.79,0.071,2
"P63",0.79,0.078,2
"ZFX",0.78,0.064,4
"ZN329",0.78,0.051,2
"HXC9",0.76,0.088,4
"NR4A2",0.76,0.068,1
"RARG",0.76,0.087,5
"RXRB",0.76,0.086,4
"TFGroup_40",0.76,0.071,2
"ZSC31",0.75,0.039,1
"NR2C2",0.74,0.047,0
"RORG",0.74,0.049,0
"ZN549",0.73,0.07,3
"HXA10",0.72,0.057,0
"HXA9",0.72,0.083,1
"ZN768",0.71,0.027,0
"HNF6",0.7,0.102,5
"TFGroup_11",0.69,0.07,5
"MECP2",0.68,0.029,0
"TBX21",0.68,0.036,0
"OVOL1",0.67,0.08,1
"TFGroup_24",0.67,0.043,0
"TFGroup_33",0.67,0.037,1
"NF2L1",0.66,0.055,0
"VDR",0.66,0.039,0
"TFGroup_22",0.66,0.039,1
"PAX6",0.65,0.069,1
"TFGroup_2",0.65,0.066,0
"FOXK1",0.64,0.03,0
"IRF9",0.64,0.051,2
"TBP",0.63,0.053,0
"RFX5",0.62,0.145,11
"TFGroup_13",0.62,0.045,0
"TFGroup_16",0.62,0.058,1
"ATF6A",0.61,0.072,1
"HXB13",0.61,0.064,1
"MTF1",0.61,0.063,0
"NR1H4",0.61,0.053,1
"FOXJ3",0.6,0.032,0
"ETV4",0.59,0.043,0
"PAX5",0.59,0.046,1
"BCL6",0.58,0.04,0
"TFAP2B",0.57,0.032,0
"TFGroup_7",0.56,0.108,1
"REST",0.55,0.051,1
"SOX10",0.53,0.047,0
"SOX3",0.53,0.042,0
"NR4A1",0.52,0.05,0
"ZN121",0.52,0.04,0
"ZNF8",0.52,0.059,0
"E2F3",0.5,0.024,0
"ETS1",0.5,0.046,0
"TFGroup_17",0.49,0.029,0
"DBP",0.47,0.065,0
"RORA",0.47,0.061,2
"THRA",0.47,0.056,2
"TFGroup_30",0.47,0.037,0
"CDX1",0.46,0.078,1
"ETV5",0.46,0.028,0
"SRBP2",0.46,0.024,0
"ZN260",0.46,0.047,0
"NFAC3",0.45,0.039,0
"ZN708",0.45,0.03,0
"SOX5",0.44,0.069,1
"SRBP1",0.44,0.059,1
"ZN331",0.44,0.043,0
"ATF3",0.43,0.09,0
"SOX17",0.42,0.023,0
"ZIC3",0.42,0.043,3
"ZN680",0.42,0.028,0
"CRX",0.41,0.068,0
"DLX3",0.41,0.083,2
"ZN384",0.4,0.03,0
"ALX1",0.39,0.03,0
"FOXJ2",0.38,0.041,1
"THRB",0.38,0.043,0
"ZN140",0.38,0.038,0
"CDX2",0.36,0.037,0
"SOX9",0.36,0.065,1
"TFGroup_12",0.36,0.044,0
"CREM",0.35,0.098,1
"ESR2",0.35,0.043,0
"LHX2",0.35,0.073,2
"ZN382",0.35,0.057,1
"ATF2",0.34,0.086,2
"ZN274",0.34,0.034,0
"FOXQ1",0.33,0.046,1
"TFGroup_21",0.33,0.036,0
"ZN136",0.32,0.047,0
"ERG",0.31,0.044,0
"ETV2",0.31,0.051,0
"PGR",0.31,0.043,0
"TFGroup_41",0.31,0.036,0
"SRY",0.3,0.035,0
"ZN320",0.3,0.038,1
"P53",0.29,0.067,0
"BRAC",0.28,0.049,0
"TFGroup_19",0.27,0.04,1
"PDX1",0.26,0.057,0
"RUNX2",0.26,0.027,0
"TFGroup_28",0.26,0.024,0
"TFGroup_37",0.26,0.033,0
"E2F2",0.25,0.048,0
"TFGroup_9",0.25,0.045,1
"ARI5B",0.24,0.048,0
"FEV",0.23,0.041,0
"NKX31",0.23,0.054,0
"CEBPD",0.22,0.039,0
"IRF7",0.22,0.043,0
"PEBB",0.21,0.044,0
"REL",0.21,0.028,0
"NR3C1",0.2,0.036,0
"ASCL1",0.18,0.028,0
"PO3F2",0.18,0.055,2
"PRDM1",0.18,0.036,0
"BHA15",0.17,0.027,0
"E2F5",0.17,0.06,0
"BATF",0.16,0.051,1
"CEBPE",0.16,0.046,0
"ZIC1",0.16,0.036,0
"ZN816",0.16,0.026,0
"TFGroup_6",0.16,0.047,0
"BACH1",0.15,0.038,0
"Z324A",0.15,0.022,0
"HIF1A",0.14,0.085,0
"MYCN",0.14,0.032,0
"PRRX2",0.14,0.047,0
"ZNF18",0.14,0.044,0
"TFGroup_23",0.14,0.027,0
"FOXC1",0.13,0.061,1
"HXA1",0.13,0.041,0
"NKX32",0.13,0.04,0
"Z354A",0.13,0.027,0
"CLOCK",0.12,0.047,0
"PRDM6",0.12,0.023,0
"STF1",0.12,0.083,1
"TFGroup_25",0.11,0.032,0
"FOXP1",0.1,0.027,0
"AHR",0.09,0.057,0
"CUX1",0.09,0.081,0
"KAISO",0.09,0.04,0
"MAX",0.09,0.044,0
"MYB",0.09,0.036,0
"HXB4",0.07,0.053,0
"NKX21",0.07,0.043,0
"ZIM3",0.06,0.034,0
"GATA3",0.05,0.04,0
"NR1I2",0.05,0.043,0
"TFGroup_36",0.05,0.035,0
"TFGroup_3",0.03,0.097,0
"FLI1",0.01,0.053,1
"MXI1",0.01,0.031,0
"NOBOX",0.01,0.038,0
"RARA",0.01,0.016,0
"ZN554",0,0.04,0
"KLF8",-0.01,0.032,0
"LHX3",-0.01,0.052,0
"TBX3",-0.01,0.027,0
"TCF7",-0.01,0.045,0
"TFGroup_38",-0.01,0.025,0
"MEIS1",-0.02,0.064,0
"PBX2",-0.02,0.029,0
"ZN134",-0.02,0.031,0
"FOXI1",-0.03,0.064,1
"BMAL1",-0.04,0.054,0
"COT1",-0.04,0.02,0
"ZN436",-0.04,0.029,0
"HSF2",-0.05,0.063,0
"FOXO1",-0.06,0.03,0
"FOXH1",-0.07,0.031,0
"ZN547",-0.07,0.042,0
"TFGroup_39",-0.07,0.051,1
"PO2F1",-0.08,0.038,0
"ZN418",-0.08,0.037,0
"NFAC1",-0.1,0.026,0
"DUX4",-0.11,0.038,0
"ELF5",-0.11,0.028,0
"HEN1",-0.11,0.02,0
"RFX2",-0.11,0.043,0
"SMCA1",-0.11,0.036,0
"MBD2",-0.13,0.055,0
"ZN322",-0.14,0.036,0
"TFGroup_32",-0.14,0.067,1
"SMAD3",-0.15,0.029,0
"STAT4",-0.15,0.034,0
"ZKSC1",-0.15,0.024,0
"FOXO4",-0.16,0.047,0
"THAP1",-0.16,0.051,1
"ZBTB6",-0.16,0.036,0
"ZNF41",-0.17,0.031,0
"NFAC4",-0.19,0.023,0
"TFAP4",-0.19,0.03,0
"ZN350",-0.19,0.038,0
"ERR3",-0.2,0.081,1
"NR1D1",-0.2,0.043,1
"HLF",-0.21,0.071,0
"MAFB",-0.21,0.033,0
"TF65",-0.21,0.038,0
"ZSC22",-0.21,0.026,0
"TFGroup_27",-0.21,0.038,0
"NKX28",-0.22,0.056,0
"TFGroup_29",-0.23,0.024,0
"BATF3",-0.24,0.027,0
"NKX25",-0.24,0.033,0
"NR2E3",-0.25,0.028,0
"ZN563",-0.25,0.031,0
"P73",-0.26,0.06,0
"NR2C1",-0.27,0.038,0
"NR6A1",-0.27,0.055,1
"OZF",-0.28,0.044,0
"PTF1A",-0.28,0.018,0
"ZN667",-0.28,0.038,0
"RFX3",-0.29,0.052,0
"HINFP",-0.31,0.086,0
"ZN502",-0.31,0.055,0
"TFGroup_31",-0.31,0.083,2
"GLI3",-0.32,0.033,0
"MAFF",-0.32,0.047,0
"NR1H3",-0.32,0.021,0
"OSR2",-0.32,0.026,0
"RXRA",-0.32,0.027,0
"NR1I3",-0.33,0.04,0
"NRF1",-0.33,0.062,1
"PRD14",-0.33,0.066,1
"RFX1",-0.33,0.051,0
"TFEB",-0.33,0.083,0
"ZN582",-0.35,0.048,0
"STAT3",-0.36,0.031,0
"ERR2",-0.39,0.101,6
"LEF1",-0.39,0.042,0
"PO3F1",-0.39,0.063,1
"SUH",-0.39,0.015,0
"ZN214",-0.39,0.032,0
"ISL1",-0.4,0.065,0
"ZN449",-0.4,0.028,0
"GFI1",-0.41,0.048,0
"ZN257",-0.43,0.036,0
"E2F6",-0.44,0.026,0
"ESR1",-0.44,0.069,1
"EVI1",-0.44,0.037,0
"PBX1",-0.44,0.051,0
"BHE40",-0.46,0.07,0
"HTF4",-0.46,0.031,0
"TFGroup_4",-0.46,0.083,2
"MAF",-0.48,0.055,2
"ZNF76",-0.48,0.032,0
"TFGroup_10",-0.49,0.073,4
"PIT1",-0.5,0.055,2
"ZN250",-0.51,0.052,0
"ZN490",-0.51,0.027,0
"HSF1",-0.52,0.052,1
"ZN770",-0.52,0.033,0
"TAF1",-0.54,0.029,0
"ZFP82",-0.54,0.044,2
"GFI1B",-0.55,0.055,0
"STAT6",-0.55,0.04,0
"ZFP42",-0.55,0.043,0
"TFGroup_34",-0.55,0.041,0
"ERR1",-0.56,0.054,0
"STAT1",-0.57,0.046,0
"MYC",-0.58,0.04,0
"ETS2",-0.59,0.031,0
"ZN528",-0.59,0.045,0
"TFGroup_26",-0.59,0.044,2
"ZN335",-0.63,0.026,0
"ZN264",-0.64,0.06,1
"ZN586",-0.64,0.031,0
"MYF6",-0.65,0.067,1
"ZBT18",-0.65,0.051,1
"IRF3",-0.66,0.038,2
"SMAD2",-0.66,0.046,0
"INSM1",-0.67,0.033,0
"NKX61",-0.67,0.064,5
"RELB",-0.68,0.075,3
"COT2",-0.69,0.067,2
"MZF1",-0.69,0.042,2
"TGIF1",-0.69,0.036,0
"COE1",-0.7,0.052,3
"TWIST1",-0.7,0.062,5
"SRF",-0.71,0.049,0
"MEIS2",-0.72,0.062,3
"ZBT48",-0.72,0.065,2
"ZBT7A",-0.72,0.048,0
"OLIG2",-0.73,0.067,4
"SALL4",-0.73,0.03,0
"TYY1",-0.73,0.092,3
"ZN394",-0.73,0.037,1
"PO2F2",-0.74,0.06,2
"ZNF85",-0.74,0.062,3
"NFAC2",-0.75,0.071,3
"SMAD4",-0.75,0.061,1
"ZFP28",-0.75,0.042,2
"OTX2",-0.76,0.044,0
"SMCA5",-0.77,0.04,0
"BC11A",-0.78,0.06,3
"LYL1",-0.8,0.036,1
"FEZF1",-0.81,0.059,3
"ZBT14",-0.81,0.086,1
"ZN317",-0.82,0.081,4
"NFIC",-0.85,0.089,7
"IKZF1",-0.86,0.052,4
"NR5A2",-0.88,0.093,2
"TFGroup_8",-0.89,0.086,8
"NFIA",-0.9,0.186,10
"TFGroup_5",-0.92,0.186,11
